"Tree Level 1","Country-Code","Country","Direction","Classification","Digit","Industry/Product","Unit","Footnotes","Sources",_2000,_2001,_2002,_2003,_2004,_2005,_2006,_2007,_2008,_2009,_2010,_2011,_2012,_2013,_2014,_2015,_2016,_2017,_2018,_2019,_2020,_2021
"FDI by activities","KZ","Kazakhstan","FDI inflow","NACE Rev. 2","NACE 1-letter","Total by activities","EUR m","Equity + reinvestment of earnings + debt instruments - valid for all activities. From 2013 based on BPM6, directional principle. In 2011-2012 unrevised data.","National Bank of Kazakhstan",.,.,.,.,.,.,.,.,.,.,8698.3098957,9987.05675,10908.7085908,7769.4773673,6388.9749078,3659.3686482,7694.2093279,4172.4325335,3303.9796855,2933.4675647,3226.2177346,2851.1087416
"FDI by activities","KZ","Kazakhstan","FDI inflow","NACE Rev. 2","NACE 1-letter","Total by activities","in % of total","Equity + reinvestment of earnings + debt instruments - valid for all activities. From 2013 based on BPM6, directional principle. In 2011-2012 unrevised data.","National Bank of Kazakhstan, wiiw",.,.,.,.,.,.,.,.,.,.,100,100,100,100,100,100,100,100,100,100,100,100
"FDI by activities","KZ","Kazakhstan","FDI inflow","NACE Rev. 2","NACE 1-letter","A  Agriculture, forestry and fishing","EUR m","-","National Bank of Kazakhstan",.,.,.,.,.,.,.,.,.,.,4.4859404,3.6534678,14.1060565,0.1887755,-1.7623912,64.4869411,45.3346231,20.7911828,10.8318586,13.8002852,8.0838747,3.0334811
"FDI by activities","KZ","Kazakhstan","FDI inflow","NACE Rev. 2","NACE 1-letter","A  Agriculture, forestry and fishing","in % of total","-","National Bank of Kazakhstan, wiiw",.,.,.,.,.,.,.,.,.,.,0.0515726,0.036582,0.12931,0.0024297,-0.0275849,1.7622423,0.5892044,0.4982988,0.3278428,0.4704427,0.2505682,0.1063965
"FDI by activities","KZ","Kazakhstan","FDI inflow","NACE Rev. 2","NACE 1-letter","B  Mining and quarrying","EUR m","-","National Bank of Kazakhstan",.,.,.,.,.,.,.,.,.,.,370.1318741,244.2256329,203.5995938,1398.6382864,2272.1794,-681.073698,1945.7891417,3953.1041407,4375.2465345,1905.1316163,2054.1359401,-486.4177487
"FDI by activities","KZ","Kazakhstan","FDI inflow","NACE Rev. 2","NACE 1-letter","B  Mining and quarrying","in % of total","-","National Bank of Kazakhstan, wiiw",.,.,.,.,.,.,.,.,.,.,4.255216,2.4454215,1.866395,18.0017036,35.5640683,-18.6117815,25.2890071,94.7433927,132.4235301,64.9446968,63.6700964,-17.0606523
"FDI by activities","KZ","Kazakhstan","FDI inflow","NACE Rev. 2","NACE 1-letter","C  Manufacturing","EUR m","-","National Bank of Kazakhstan",.,.,.,.,.,.,.,.,.,.,1051.7771761,1363.7951499,901.9723092,165.4949167,325.8577375,-1507.5556117,147.7751655,303.1838059,-111.9093526,772.8054503,446.6183187,1617.1540433
"FDI by activities","KZ","Kazakhstan","FDI inflow","NACE Rev. 2","NACE 1-letter","C  Manufacturing","in % of total","-","National Bank of Kazakhstan, wiiw",.,.,.,.,.,.,.,.,.,.,12.0917418,13.6556263,8.2683693,2.130065,5.1003133,-41.1971506,1.9206024,7.2663561,-3.3871078,26.3444348,13.8434029,56.7201812
"FDI by activities","KZ","Kazakhstan","FDI inflow","NACE Rev. 2","NACE 1-letter","D  Electricity, gas, steam, air conditioning supply","EUR m","-","National Bank of Kazakhstan",.,.,.,.,.,.,.,.,.,.,-164.4081704,95.2379904,195.9265277,256.0272396,-926.3430774,-44.9084707,1.4322229,-220.1994403,330.8262974,-34.9397666,68.0137526,127.2379331
"FDI by activities","KZ","Kazakhstan","FDI inflow","NACE Rev. 2","NACE 1-letter","D  Electricity, gas, steam, air conditioning supply","in % of total","-","National Bank of Kazakhstan, wiiw",.,.,.,.,.,.,.,.,.,.,-1.8901163,0.9536142,1.7960561,3.2952955,-14.4990877,-1.2272191,0.0186143,-5.2774835,10.012964,-1.1910739,2.1081575,4.4627527
"FDI by activities","KZ","Kazakhstan","FDI inflow","NACE Rev. 2","NACE 1-letter","E  Water supply, sewerage, waste manag., remediation","EUR m","-","National Bank of Kazakhstan",.,.,.,.,.,.,.,.,.,.,0.0685279,6.706405,-0.132254,-5.5453037,3.4551535,-6.0018558,4.1151556,-4.0537045,7.6256894,9.5257151,31.6874831,8.4317972
"FDI by activities","KZ","Kazakhstan","FDI inflow","NACE Rev. 2","NACE 1-letter","E  Water supply, sewerage, waste manag., remediation","in % of total","-","National Bank of Kazakhstan, wiiw",.,.,.,.,.,.,.,.,.,.,0.0007878,0.067151,-0.0012124,-0.0713729,0.0540799,-0.1640134,0.0534838,-0.0971545,0.2308032,0.3247254,0.9821867,0.2957375
"FDI by activities","KZ","Kazakhstan","FDI inflow","NACE Rev. 2","NACE 1-letter","F  Construction","EUR m","-","National Bank of Kazakhstan",.,.,.,.,.,.,.,.,.,.,179.9896026,113.2654046,590.5965934,312.1999605,75.2326017,1064.600963,944.1565643,-122.3047169,187.6202127,394.7431078,333.0064626,294.8416676
"FDI by activities","KZ","Kazakhstan","FDI inflow","NACE Rev. 2","NACE 1-letter","F  Construction","in % of total","-","National Bank of Kazakhstan, wiiw",.,.,.,.,.,.,.,.,.,.,2.069248,1.134122,5.4139918,4.0182878,1.1775379,29.0924765,12.2710018,-2.9312569,5.6786128,13.4565356,10.3218843,10.3412986
"FDI by activities","KZ","Kazakhstan","FDI inflow","NACE Rev. 2","NACE 1-letter","G  Wholesale, retail trade, repair of motor vehicles etc.","EUR m","-","National Bank of Kazakhstan",.,.,.,.,.,.,.,.,.,.,-322.7263962,309.4794706,147.7798464,821.650837,62.3349443,-393.1595258,291.4122149,323.6790091,326.7443754,615.2212259,326.825659,636.2661878
"FDI by activities","KZ","Kazakhstan","FDI inflow","NACE Rev. 2","NACE 1-letter","G  Wholesale, retail trade, repair of motor vehicles etc.","in % of total","-","National Bank of Kazakhstan, wiiw",.,.,.,.,.,.,.,.,.,.,-3.7102196,3.0988056,1.3546961,10.5753682,0.9756643,-10.7439169,3.7874225,7.7575612,9.8894184,20.9724912,10.1303038,22.3164476
"FDI by activities","KZ","Kazakhstan","FDI inflow","NACE Rev. 2","NACE 1-letter","H  Transportation and storage","EUR m","-","National Bank of Kazakhstan",.,.,.,.,.,.,.,.,.,.,-17.3827365,68.7032974,153.413867,165.7260012,487.3953701,-29.3759685,-359.408007,-840.2704699,-1264.9534733,-1299.5775828,-399.9263082,-1028.3874064
"FDI by activities","KZ","Kazakhstan","FDI inflow","NACE Rev. 2","NACE 1-letter","H  Transportation and storage","in % of total","-","National Bank of Kazakhstan, wiiw",.,.,.,.,.,.,.,.,.,.,-0.1998404,0.6879234,1.4063431,2.1330392,7.6286944,-0.8027606,-4.6711493,-20.1386233,-38.2857521,-44.301754,-12.3961351,-36.0697364
"FDI by activities","KZ","Kazakhstan","FDI inflow","NACE Rev. 2","NACE 1-letter","I  Accommodation and food service activities","EUR m","-","National Bank of Kazakhstan",.,.,.,.,.,.,.,.,.,.,-1.5836717,4.5197836,1.7169682,-70.639842,80.3595956,-62.1510182,-2.9287786,52.9649895,10.8933734,61.8788158,64.5034662,100.2549847
"FDI by activities","KZ","Kazakhstan","FDI inflow","NACE Rev. 2","NACE 1-letter","I  Accommodation and food service activities","in % of total","-","National Bank of Kazakhstan, wiiw",.,.,.,.,.,.,.,.,.,.,-0.0182067,0.0452564,0.0157394,-0.9091968,1.2577854,-1.6984082,-0.0380647,1.2694031,0.3297046,2.1094086,1.9993525,3.5163508
"FDI by activities","KZ","Kazakhstan","FDI inflow","NACE Rev. 2","NACE 1-letter","J  Information and communication","EUR m","-","National Bank of Kazakhstan",.,.,.,.,.,.,.,.,.,.,260.9293108,149.7857162,1260.1457154,454.2364899,62.7585995,-338.8130743,119.3307576,83.1037214,-359.2555736,-117.2491229,117.9456816,210.4101531
"FDI by activities","KZ","Kazakhstan","FDI inflow","NACE Rev. 2","NACE 1-letter","J  Information and communication","in % of total","-","National Bank of Kazakhstan, wiiw",.,.,.,.,.,.,.,.,.,.,2.9997702,1.4997984,11.5517406,5.8464227,0.9822953,-9.258785,1.5509164,1.9917331,-10.8734196,-3.9969463,3.65585,7.3799414
"FDI by activities","KZ","Kazakhstan","FDI inflow","NACE Rev. 2","NACE 1-letter","K  Financial and insurance activities","EUR m","-","National Bank of Kazakhstan",.,.,.,.,.,.,.,.,.,.,228.2241925,206.0495519,1871.7535802,-14.986096,171.7931407,214.9973733,46.9941574,380.4523557,-318.6381381,363.1017528,743.0961934,1189.7955953
"FDI by activities","KZ","Kazakhstan","FDI inflow","NACE Rev. 2","NACE 1-letter","K  Financial and insurance activities","in % of total","-","National Bank of Kazakhstan, wiiw",.,.,.,.,.,.,.,.,.,.,2.6237763,2.0631659,17.1583425,-0.1928842,2.6888999,5.8752587,0.6107731,9.1182386,-9.6440707,12.3779024,23.0330453,41.7309792
"FDI by activities","KZ","Kazakhstan","FDI inflow","NACE Rev. 2","NACE 1-letter","L  Real estate activities","EUR m","-","National Bank of Kazakhstan",.,.,.,.,.,.,.,.,.,.,57.4459416,110.5500864,24.8621969,71.9407933,48.5393876,3.9009686,158.9957236,111.8416056,-102.2466094,-15.4085927,-184.1009128,-82.1630916
"FDI by activities","KZ","Kazakhstan","FDI inflow","NACE Rev. 2","NACE 1-letter","L  Real estate activities","in % of total","-","National Bank of Kazakhstan, wiiw",.,.,.,.,.,.,.,.,.,.,0.6604265,1.1069336,0.2279115,0.9259412,0.7597367,0.1066022,2.0664336,2.6804893,-3.0946501,-0.5252689,-5.7064007,-2.8817944
"FDI by activities","KZ","Kazakhstan","FDI inflow","NACE Rev. 2","NACE 1-letter","M  Professional, scientific and technical activities","EUR m","-","National Bank of Kazakhstan",.,.,.,.,.,.,.,.,.,.,6947.9263911,7187.9422389,5552.5256648,4206.3336148,3691.1518376,5336.5676685,4221.6196851,-27.4555078,232.235406,336.4492816,-34.8197944,269.9966393
"FDI by activities","KZ","Kazakhstan","FDI inflow","NACE Rev. 2","NACE 1-letter","M  Professional, scientific and technical activities","in % of total","-","National Bank of Kazakhstan, wiiw",.,.,.,.,.,.,.,.,.,.,79.8767401,71.9725783,50.8999358,54.1392093,57.7737726,145.8330161,54.867492,-0.6580216,7.0289599,11.469337,-1.079276,9.4698822
"FDI by activities","KZ","Kazakhstan","FDI inflow","NACE Rev. 2","NACE 1-letter","N  Administrative and support service activities","EUR m","-","National Bank of Kazakhstan",.,.,.,.,.,.,.,.,.,.,57.9128349,62.2131122,16.9082855,-81.0728676,14.0820763,2.0439393,127.3273033,149.7910344,-16.0535633,9.2269091,-24.6870679,44.8832683
"FDI by activities","KZ","Kazakhstan","FDI inflow","NACE Rev. 2","NACE 1-letter","N  Administrative and support service activities","in % of total","-","National Bank of Kazakhstan, wiiw",.,.,.,.,.,.,.,.,.,.,0.6657941,0.6229374,0.154998,-1.043479,0.2204121,0.055855,1.6548458,3.5900169,-0.4858857,0.3145393,-0.7652015,1.5742391
"FDI by activities","KZ","Kazakhstan","FDI inflow","NACE Rev. 2","NACE 1-letter","P  Education","EUR m","-","National Bank of Kazakhstan",.,.,.,.,.,.,.,.,.,.,11.3274324,-8.0647824,-93.8972312,5.3797591,3.6501853,15.2295404,15.1233762,-7.9459933,-6.6092247,9.1805068,8.4204958,-6.0172383
"FDI by activities","KZ","Kazakhstan","FDI inflow","NACE Rev. 2","NACE 1-letter","P  Education","in % of total","-","National Bank of Kazakhstan, wiiw",.,.,.,.,.,.,.,.,.,.,0.1302257,-0.0807523,-0.8607548,0.0692422,0.0571326,0.4161795,0.1965553,-0.1904403,-0.2000383,0.3129575,0.2610021,-0.2110491
"FDI by activities","KZ","Kazakhstan","FDI inflow","NACE Rev. 2","NACE 1-letter","S  Other service activities","EUR m","-","National Bank of Kazakhstan",.,.,.,.,.,.,.,.,.,.,34.1916461,68.9942244,67.430871,83.9048026,18.290347,20.580477,-12.8599774,15.7505211,1.621873,-90.4220369,-332.58551,-48.2115241
"FDI by activities","KZ","Kazakhstan","FDI inflow","NACE Rev. 2","NACE 1-letter","S  Other service activities","in % of total","-","National Bank of Kazakhstan, wiiw",.,.,.,.,.,.,.,.,.,.,0.3930838,0.6908364,0.618138,1.0799285,0.2862798,0.5624051,-0.1671384,0.3774901,0.0490885,-3.0824284,-10.3088365,-1.6909746
"FDI by activities","KZ","Kazakhstan","FDI inflow","NACE Rev. 2","NACE 2-letter - Manufacturing","C  Manufacturing","EUR m","Equity + reinvestment of earnings + debt instruments - valid for all industries. From 2013 based on BPM6, directional principle. In 2011-2012 unrevised data.","National Bank of Kazakhstan",.,.,.,.,.,.,.,.,.,.,1051.7779292,1363.7951499,901.9699753,165.4949167,325.8577375,-1507.5556117,147.7751655,303.1838059,-111.9093526,772.8054503,446.6183187,1617.1540433
"FDI by activities","KZ","Kazakhstan","FDI inflow","NACE Rev. 2","NACE 2-letter - Manufacturing","C  Manufacturing","in % of total manufacturing","Equity + reinvestment of earnings + debt instruments - valid for all industries. From 2013 based on BPM6, directional principle. In 2011-2012 unrevised data.","National Bank of Kazakhstan, wiiw",.,.,.,.,.,.,.,.,.,.,100,100,100,100,100,100,100,100,100,100,100,100
"FDI by activities","KZ","Kazakhstan","FDI inflow","NACE Rev. 2","NACE 2-letter - Manufacturing","CA  Food products, beverages and tobacco products","EUR m","-","National Bank of Kazakhstan",.,.,.,.,.,.,.,.,.,.,1.4902931,29.3103516,104.6712647,129.716047,45.0285204,110.375471,-55.6222048,67.0711632,40.7887309,52.4970239,142.6767564,71.5444875
"FDI by activities","KZ","Kazakhstan","FDI inflow","NACE Rev. 2","NACE 2-letter - Manufacturing","CA  Food products, beverages and tobacco products","in % of total manufacturing","-","National Bank of Kazakhstan, wiiw",.,.,.,.,.,.,.,.,.,.,0.1416928,2.1491755,11.6047394,78.3806836,13.8184598,-7.3214859,-37.6397513,22.1222776,-36.448009,6.7930452,31.9460153,4.4240985
"FDI by activities","KZ","Kazakhstan","FDI inflow","NACE Rev. 2","NACE 2-letter - Manufacturing","CB  Textiles, apparel, leather, related products","EUR m","-","National Bank of Kazakhstan",.,.,.,.,.,.,.,.,.,.,10.563083,-0.3239705,-3.8532593,3.2113966,4.3272767,-2.7835234,15.1813472,0.0682324,-1.7907356,-1.3458641,-0.7152784,-0.0152021
"FDI by activities","KZ","Kazakhstan","FDI inflow","NACE Rev. 2","NACE 2-letter - Manufacturing","CB  Textiles, apparel, leather, related products","in % of total manufacturing","-","National Bank of Kazakhstan, wiiw",.,.,.,.,.,.,.,.,.,.,1.0043073,-0.0237551,-0.4272048,1.9404805,1.327965,0.1846382,10.2732737,0.0225053,1.6001662,-0.174153,-0.1601543,-0.0009401
"FDI by activities","KZ","Kazakhstan","FDI inflow","NACE Rev. 2","NACE 2-letter - Manufacturing","CC  Wood and paper products and printing","EUR m","-","National Bank of Kazakhstan",.,.,.,.,.,.,.,.,.,.,1.7177153,3.9637899,1.235408,11.7893561,3.805225,-2.6282853,2.3932946,20.7900056,5.0157823,7.7324682,5.4577916,-4.0428039
"FDI by activities","KZ","Kazakhstan","FDI inflow","NACE Rev. 2","NACE 2-letter - Manufacturing","CC  Wood and paper products and printing","in % of total manufacturing","-","National Bank of Kazakhstan, wiiw",.,.,.,.,.,.,.,.,.,.,0.1633154,0.2906441,0.1369678,7.1236968,1.1677565,0.1743409,1.6195513,6.8572283,-4.4820046,1.0005711,1.2220259,-0.249995
"FDI by activities","KZ","Kazakhstan","FDI inflow","NACE Rev. 2","NACE 2-letter - Manufacturing","CD  Coke and refined petroleum products","EUR m","-","National Bank of Kazakhstan",.,.,.,.,.,.,.,.,.,.,7.6713571,8.1703781,0.5033432,-95.1418265,49.2933628,103.4394175,258.5237084,92.2187458,143.924037,-10.7118372,2.7853716,183.9868827
"FDI by activities","KZ","Kazakhstan","FDI inflow","NACE Rev. 2","NACE 2-letter - Manufacturing","CD  Coke and refined petroleum products","in % of total manufacturing","-","National Bank of Kazakhstan, wiiw",.,.,.,.,.,.,.,.,.,.,0.7293704,0.5990913,0.0558049,-57.4892742,15.1272648,-6.8613998,174.9439478,30.4167782,-128.6076933,-1.3860975,0.6236582,11.377202
"FDI by activities","KZ","Kazakhstan","FDI inflow","NACE Rev. 2","NACE 2-letter - Manufacturing","CE  Chemicals and chemical products","EUR m","-","National Bank of Kazakhstan",.,.,.,.,.,.,.,.,.,.,-13.9232082,3.0838257,-8.5941764,14.4990828,-14.7213127,29.5524504,130.49609,79.3189722,111.7771043,79.2423713,39.9193818,153.020197
"FDI by activities","KZ","Kazakhstan","FDI inflow","NACE Rev. 2","NACE 2-letter - Manufacturing","CE  Chemicals and chemical products","in % of total manufacturing","-","National Bank of Kazakhstan, wiiw",.,.,.,.,.,.,.,.,.,.,-1.3237783,0.2261209,-0.9528229,8.7610442,-4.5177116,-1.9602892,88.3071858,26.1620082,-99.8818255,10.2538577,8.9381425,9.4623142
"FDI by activities","KZ","Kazakhstan","FDI inflow","NACE Rev. 2","NACE 2-letter - Manufacturing","CF  Pharmaceuticals, medicinal chem. & botan. products","EUR m","-","National Bank of Kazakhstan",.,.,.,.,.,.,.,.,.,.,0.0188263,2.2060165,15.6059725,3.7999754,25.7382616,-3.1239394,15.8753818,-10.7322967,27.268692,23.8774511,29.3008627,33.3633962
"FDI by activities","KZ","Kazakhstan","FDI inflow","NACE Rev. 2","NACE 2-letter - Manufacturing","CF  Pharmaceuticals, medicinal chem. & botan. products","in % of total manufacturing","-","National Bank of Kazakhstan, wiiw",.,.,.,.,.,.,.,.,.,.,0.00179,0.1617557,1.7302098,2.2961282,7.8986191,0.2072188,10.7429295,-3.5398648,-24.3667677,3.0897105,6.5606048,2.0630933
"FDI by activities","KZ","Kazakhstan","FDI inflow","NACE Rev. 2","NACE 2-letter - Manufacturing","CG  Rubber, plastics, other non-metall. mineral products","EUR m","-","National Bank of Kazakhstan",.,.,.,.,.,.,.,.,.,.,-18.9280025,12.1981001,92.0324497,35.1248891,57.3859926,-93.6886197,-25.3489023,118.5378202,94.6278576,-21.5378183,18.0691377,130.0025371
"FDI by activities","KZ","Kazakhstan","FDI inflow","NACE Rev. 2","NACE 2-letter - Manufacturing","CG  Rubber, plastics, other non-metall. mineral products","in % of total manufacturing","-","National Bank of Kazakhstan, wiiw",.,.,.,.,.,.,.,.,.,.,-1.7996197,0.8944232,10.2034937,21.2241498,17.6107503,6.2146046,-17.1536958,39.0976754,-84.5575954,-2.7869651,4.0457673,8.0389705
"FDI by activities","KZ","Kazakhstan","FDI inflow","NACE Rev. 2","NACE 2-letter - Manufacturing","CH  Basic metals, fabricated met.prod., ex mach. & equip.","EUR m","-","National Bank of Kazakhstan",.,.,.,.,.,.,.,.,.,.,1068.5070151,1307.1426933,689.6906289,41.0229848,90.5954461,-1827.0013552,-247.6371501,-113.4971053,-494.1405728,534.3759869,127.7425665,891.8953607
"FDI by activities","KZ","Kazakhstan","FDI inflow","NACE Rev. 2","NACE 2-letter - Manufacturing","CH  Basic metals, fabricated met.prod., ex mach. & equip.","in % of total manufacturing","-","National Bank of Kazakhstan, wiiw",.,.,.,.,.,.,.,.,.,.,101.590553,95.8459702,76.464921,24.7880634,27.8021467,121.1896491,-167.5769736,-37.4350817,441.5543128,69.1475438,28.602178,55.1521585
"FDI by activities","KZ","Kazakhstan","FDI inflow","NACE Rev. 2","NACE 2-letter - Manufacturing","CI  Computer, electronic, optical products","EUR m","-","National Bank of Kazakhstan",.,.,.,.,.,.,.,.,.,.,-5.0228676,8.5467873,4.7269137,-13.1519995,2.9724769,-11.8226833,5.3464996,14.4948918,6.2894444,-4.158667,3.4807925,-6.9816905
"FDI by activities","KZ","Kazakhstan","FDI inflow","NACE Rev. 2","NACE 2-letter - Manufacturing","CI  Computer, electronic, optical products","in % of total manufacturing","-","National Bank of Kazakhstan, wiiw",.,.,.,.,.,.,.,.,.,.,-0.4775597,0.6266914,0.5240655,-7.9470716,0.9122008,0.7842287,3.617996,4.7808925,-5.620124,-0.538126,0.7793663,-0.431727
"FDI by activities","KZ","Kazakhstan","FDI inflow","NACE Rev. 2","NACE 2-letter - Manufacturing","CJ  Electrical equipment","EUR m","-","National Bank of Kazakhstan",.,.,.,.,.,.,.,.,.,.,-3.7810822,-0.4683565,4.786817,1.5471506,11.6539351,0.0190608,-3.0108146,-23.2231453,12.2676869,55.1650194,28.3294527,67.5976985
"FDI by activities","KZ","Kazakhstan","FDI inflow","NACE Rev. 2","NACE 2-letter - Manufacturing","CJ  Electrical equipment","in % of total manufacturing","-","National Bank of Kazakhstan, wiiw",.,.,.,.,.,.,.,.,.,.,-0.3594943,-0.0343421,0.5307069,0.9348629,3.5763874,-0.0012644,-2.0374294,-7.6597578,-10.9621641,7.1382803,6.3431014,4.1800408
"FDI by activities","KZ","Kazakhstan","FDI inflow","NACE Rev. 2","NACE 2-letter - Manufacturing","CK  Machinery and equipment n.e.c.","EUR m","-","National Bank of Kazakhstan",.,.,.,.,.,.,.,.,.,.,18.6779887,6.7243634,-5.8790795,8.382838,-1.9376452,-0.4482951,5.1659084,10.7292874,7.2130987,15.1075536,-4.3628399,20.3198504
"FDI by activities","KZ","Kazakhstan","FDI inflow","NACE Rev. 2","NACE 2-letter - Manufacturing","CK  Machinery and equipment n.e.c.","in % of total manufacturing","-","National Bank of Kazakhstan, wiiw",.,.,.,.,.,.,.,.,.,.,1.7758491,0.4930626,-0.6518043,5.0653145,-0.5946292,0.0297366,3.4957893,3.5388722,-6.4454834,1.9548974,-0.9768609,1.2565192
"FDI by activities","KZ","Kazakhstan","FDI inflow","NACE Rev. 2","NACE 2-letter - Manufacturing","CL  Transport equipment","EUR m","-","National Bank of Kazakhstan",.,.,.,.,.,.,.,.,.,.,-19.4799908,-19.0136925,3.7085579,-0.8293264,45.4665462,54.3657965,21.249055,22.0949793,46.1254886,8.3612444,39.9391691,63.4564617
"FDI by activities","KZ","Kazakhstan","FDI inflow","NACE Rev. 2","NACE 2-letter - Manufacturing","CL  Transport equipment","in % of total manufacturing","-","National Bank of Kazakhstan, wiiw",.,.,.,.,.,.,.,.,.,.,-1.8521011,-1.3941751,0.411162,-0.501119,13.9528822,-3.6062216,14.379314,7.2876515,-41.2168309,1.0819339,8.942573,3.923959
"FDI by activities","KZ","Kazakhstan","FDI inflow","NACE Rev. 2","NACE 2-letter - Manufacturing","CM  Other manufacturing, repair, install.of mach. & equip.","EUR m","-","National Bank of Kazakhstan",.,.,.,.,.,.,.,.,.,.,4.2668018,2.2548635,3.3351348,25.5243487,6.249652,136.1888934,25.1629523,25.3122555,-111.2759668,34.2005181,13.9951544,13.006868
"FDI by activities","KZ","Kazakhstan","FDI inflow","NACE Rev. 2","NACE 2-letter - Manufacturing","CM  Other manufacturing, repair, install.of mach. & equip.","in % of total manufacturing","-","National Bank of Kazakhstan, wiiw",.,.,.,.,.,.,.,.,.,.,0.4056752,0.1653374,0.3697612,15.4230409,1.9179081,-9.0337559,17.0278627,8.3488151,99.4340189,4.4255017,3.1335827,0.8043061
"FDI by activities","KZ","Kazakhstan","FDI inflow","NACE Rev. 1","NACE 1-letter","Total by activities","EUR m","Equity + reinvestment of earnings + debt instruments - valid for all activities. Based on BPM5, directional principle.","National Bank of Kazakhstan",1356.2628348,3142.0536254,2744.165441,1853.9093548,3345.6311406,1583.4424858,5001.6948127,8123.0011923,9731.7413432,9496.6391968,8108.9964969,9274.0881767,.,.,.,.,.,.,.,.,.,.
"FDI by activities","KZ","Kazakhstan","FDI inflow","NACE Rev. 1","NACE 1-letter","Total by activities","in % of total","Equity + reinvestment of earnings + debt instruments - valid for all activities. Based on BPM5, directional principle.","National Bank of Kazakhstan, wiiw",100,100,100,100,100,100,100,100,100,100,100,100,.,.,.,.,.,.,.,.,.,.
"FDI by activities","KZ","Kazakhstan","FDI inflow","NACE Rev. 1","NACE 1-letter","A  Agriculture, hunting and forestry","EUR m","-","National Bank of Kazakhstan",2.7495387,3.3249245,0.7416091,0.8427666,-2.2839655,0.3654963,27.6956641,-30.9110915,10.6900113,-3.8452694,4.6470938,0.0158034,.,.,.,.,.,.,.,.,.,.
"FDI by activities","KZ","Kazakhstan","FDI inflow","NACE Rev. 1","NACE 1-letter","A  Agriculture, hunting and forestry","in % of total","-","National Bank of Kazakhstan, wiiw",0.202729,0.1058201,0.0270249,0.0454589,-0.0682671,0.0230824,0.5537256,-0.3805378,0.1098468,-0.0404908,0.0573079,0.0001704,.,.,.,.,.,.,.,.,.,.
"FDI by activities","KZ","Kazakhstan","FDI inflow","NACE Rev. 1","NACE 1-letter","B  Fishing","EUR m","-","National Bank of Kazakhstan",.,0.7758157,1.0594415,0.1798966,0.1255457,.,.,12.05629,14.7052209,8.4621743,5.1207646,1.0789439,.,.,.,.,.,.,.,.,.,.
"FDI by activities","KZ","Kazakhstan","FDI inflow","NACE Rev. 1","NACE 1-letter","B  Fishing","in % of total","-","National Bank of Kazakhstan, wiiw",.,0.0246914,0.0386071,0.0097036,0.0037525,.,.,0.1484216,0.1511058,0.089107,0.0631492,0.011634,.,.,.,.,.,.,.,.,.,.
"FDI by activities","KZ","Kazakhstan","FDI inflow","NACE Rev. 1","NACE 1-letter","C  Mining and quarrying","EUR m","-","National Bank of Kazakhstan",1094.8451563,2152.5561027,1726.2540227,786.9818626,1593.2518069,-712.1402447,-716.1955021,781.9420551,-10.2184331,136.609612,-366.3169045,-140.499759,.,.,.,.,.,.,.,.,.,.
"FDI by activities","KZ","Kazakhstan","FDI inflow","NACE Rev. 1","NACE 1-letter","C  Mining and quarrying","in % of total","-","National Bank of Kazakhstan, wiiw",80.7251462,68.5079365,62.9063393,42.4498566,47.6218609,-44.9741782,-14.3190564,9.6262703,-0.1050011,1.4385048,-4.5174135,-1.5149711,.,.,.,.,.,.,.,.,.,.
"FDI by activities","KZ","Kazakhstan","FDI inflow","NACE Rev. 1","NACE 1-letter","D  Manufacturing","EUR m","-","National Bank of Kazakhstan",-153.6569122,238.6187462,52.6542438,178.3200259,91.5606178,-59.5710792,354.795925,-475.1068077,968.6800079,1009.4047185,1048.3176478,1384.7282419,.,.,.,.,.,.,.,.,.,.
"FDI by activities","KZ","Kazakhstan","FDI inflow","NACE Rev. 1","NACE 1-letter","D  Manufacturing","in % of total","-","National Bank of Kazakhstan, wiiw",-11.3294347,7.5943563,1.9187707,9.6185946,2.7367218,-3.7621246,7.0935141,-5.8489073,9.9538199,10.6290731,12.9278345,14.9311524,.,.,.,.,.,.,.,.,.,.
"FDI by activities","KZ","Kazakhstan","FDI inflow","NACE Rev. 1","NACE 1-letter","E  Electricity, gas and water supply","EUR m","-","National Bank of Kazakhstan",39.9740625,24.1611178,-47.0392038,-52.0220081,0.1263504,0.0867552,5.5177819,-63.5667398,60.5189725,-408.7007852,-164.4081704,95.2379904,.,.,.,.,.,.,.,.,.,.
"FDI by activities","KZ","Kazakhstan","FDI inflow","NACE Rev. 1","NACE 1-letter","E  Electricity, gas and water supply","in % of total","-","National Bank of Kazakhstan, wiiw",2.9473684,0.7689594,-1.7141533,-2.8060707,0.0037766,0.0054789,0.1103182,-0.7825524,0.621872,-4.303636,-2.0274786,1.0269257,.,.,.,.,.,.,.,.,.,.
"FDI by activities","KZ","Kazakhstan","FDI inflow","NACE Rev. 1","NACE 1-letter","F  Construction","EUR m","-","National Bank of Kazakhstan",6.6623438,29.1485045,39.1993365,14.8463401,99.5054053,-29.3039681,172.1458722,160.8520802,175.4658128,331.6240033,368.2680664,103.7028872,.,.,.,.,.,.,.,.,.,.
"FDI by activities","KZ","Kazakhstan","FDI inflow","NACE Rev. 1","NACE 1-letter","F  Construction","in % of total","-","National Bank of Kazakhstan, wiiw",0.4912281,0.9276896,1.4284611,0.8008126,2.9741894,-1.8506494,3.4417508,1.9802051,1.8030259,3.4920143,4.5414752,1.1182004,.,.,.,.,.,.,.,.,.,.
"FDI by activities","KZ","Kazakhstan","FDI inflow","NACE Rev. 1","NACE 1-letter","G  Wholesale, retail trade, repair of motor vehicles etc.","EUR m","-","National Bank of Kazakhstan",19.6697768,20.2820393,47.2510921,60.4275196,72.7601538,121.6845668,426.0355402,634.5803374,402.0380609,375.2895396,591.9212235,141.8732215,.,.,.,.,.,.,.,.,.,.
"FDI by activities","KZ","Kazakhstan","FDI inflow","NACE Rev. 1","NACE 1-letter","G  Wholesale, retail trade, repair of motor vehicles etc.","in % of total","-","National Bank of Kazakhstan, wiiw",1.4502924,0.6455026,1.7218748,3.2594646,2.1747811,7.6848113,8.5178236,7.8121414,4.1312037,3.9518142,7.299562,1.5297808,.,.,.,.,.,.,.,.,.,.
"FDI by activities","KZ","Kazakhstan","FDI inflow","NACE Rev. 1","NACE 1-letter","H  Hotels and restaurants","EUR m","-","National Bank of Kazakhstan",4.4415625,-1.8841239,-13.6667957,-2.062164,13.1299846,-6.1033868,-16.8951199,36.4187186,16.8259636,14.0787631,8.6691532,2.6779646,.,.,.,.,.,.,.,.,.,.
"FDI by activities","KZ","Kazakhstan","FDI inflow","NACE Rev. 1","NACE 1-letter","H  Hotels and restaurants","in % of total","-","National Bank of Kazakhstan, wiiw",0.3274854,-0.0599647,-0.498031,-0.1112333,0.3924516,-0.3854505,-0.3377879,0.4483407,0.1728978,0.14825,0.1069078,0.0288758,.,.,.,.,.,.,.,.,.,.
"FDI by activities","KZ","Kazakhstan","FDI inflow","NACE Rev. 1","NACE 1-letter","I  Transport, storage and communication","EUR m","-","National Bank of Kazakhstan",70.9592485,155.7172961,73.6311861,-16.6532814,25.7915873,-0.3044464,154.6349213,37.8549827,5.5468194,96.084403,291.0469369,133.4370583,.,.,.,.,.,.,.,.,.,.
"FDI by activities","KZ","Kazakhstan","FDI inflow","NACE Rev. 1","NACE 1-letter","I  Transport, storage and communication","in % of total","-","National Bank of Kazakhstan, wiiw",5.2319688,4.9559083,2.6831905,-0.8982792,0.7709035,-0.0192269,3.0916505,0.4660221,0.0569972,1.0117727,3.5891856,1.4388159,.,.,.,.,.,.,.,.,.,.
"FDI by activities","KZ","Kazakhstan","FDI inflow","NACE Rev. 1","NACE 1-letter","J  Financial intermediation","EUR m","-","National Bank of Kazakhstan",30.5621801,44.8864804,6.4625933,29.3913756,5.4821609,86.7832838,335.1227939,2118.8716015,1216.6879982,380.2227003,55.5512588,146.37361,.,.,.,.,.,.,.,.,.,.
"FDI by activities","KZ","Kazakhstan","FDI inflow","NACE Rev. 1","NACE 1-letter","J  Financial intermediation","in % of total","-","National Bank of Kazakhstan, wiiw",2.2534113,1.4285714,0.235503,1.5853729,0.1638603,5.4806717,6.7001848,26.0848368,12.502264,4.0037606,0.6850571,1.5783073,.,.,.,.,.,.,.,.,.,.
"FDI by activities","KZ","Kazakhstan","FDI inflow","NACE Rev. 1","NACE 1-letter","K  Real estate, renting and business activities","EUR m","-","National Bank of Kazakhstan",240.055878,471.3634592,848.9304949,852.2435483,1428.1793708,2218.0629709,4210.763082,4877.1809768,5216.8050153,7675.740653,6184.5536868,7348.8190962,.,.,.,.,.,.,.,.,.,.
"FDI by activities","KZ","Kazakhstan","FDI inflow","NACE Rev. 1","NACE 1-letter","K  Real estate, renting and business activities","in % of total","-","National Bank of Kazakhstan, wiiw",17.6998051,15.0017637,30.9358351,45.9700765,42.6878909,140.0785308,84.1867255,60.0416135,53.6060796,80.8258637,76.2678056,79.240341,.,.,.,.,.,.,.,.,.,.
"FDI by activities","KZ","Kazakhstan","FDI inflow","NACE Rev. 1","NACE 1-letter","M-N  Education, health and social work","EUR m","-","National Bank of Kazakhstan",.,3.1032628,8.7933647,9.8358221,18.7087191,3.5834704,1.1862514,-8.681873,43.8893866,2.687816,47.3249011,-9.8117808,.,.,.,.,.,.,.,.,.,.
"FDI by activities","KZ","Kazakhstan","FDI inflow","NACE Rev. 1","NACE 1-letter","M-N  Education, health and social work","in % of total","-","National Bank of Kazakhstan, wiiw",.,0.0987654,0.3204386,0.5305449,0.5591985,0.2263088,0.023717,-0.1068801,0.4509921,0.0283028,0.5836098,-0.1057978,.,.,.,.,.,.,.,.,.,.
"FDI by activities","KZ","Kazakhstan","FDI inflow","NACE Rev. 1","NACE 1-letter","O  Other community, social and personal services","EUR m","-","National Bank of Kazakhstan",.,.,.,-8.3966497,-0.6993538,-39.6768338,46.8613123,41.5376924,1610.106507,-121.015546,34.3030981,66.457054,.,.,.,.,.,.,.,.,.,.
"FDI by activities","KZ","Kazakhstan","FDI inflow","NACE Rev. 1","NACE 1-letter","O  Other community, social and personal services","in % of total","-","National Bank of Kazakhstan, wiiw",.,.,.,-0.4529159,-0.0209035,-2.5057326,0.9369087,0.5113589,16.5448962,-1.2742987,0.4230252,0.7165886,.,.,.,.,.,.,.,.,.,.
"FDI by activities","KZ","Kazakhstan","FDI inflow","NACE Rev. 1","NACE 2-letter - Manufacturing","D  Manufacturing","EUR m","Equity + reinvestment of earnings + debt instruments - valid for all industries. Based on BPM5, directional principle.","National Bank of Kazakhstan",-153.6569122,238.6187462,52.6542438,178.3200259,91.5606178,-59.5710792,354.795925,-475.1068077,968.6800079,1009.4047185,1048.3176478,1384.7282419,.,.,.,.,.,.,.,.,.,.
"FDI by activities","KZ","Kazakhstan","FDI inflow","NACE Rev. 1","NACE 2-letter - Manufacturing","D  Manufacturing","in % of total manufacturing","Equity + reinvestment of earnings + debt instruments - valid for all industries. Based on BPM5, directional principle.","National Bank of Kazakhstan, wiiw",100,100,100,100,100,100,100,100,100,100,100,100,.,.,.,.,.,.,.,.,.,.
"FDI by activities","KZ","Kazakhstan","FDI inflow","NACE Rev. 1","NACE 2-letter - Manufacturing","DA  Food products, beverages and tobacco","EUR m","-","National Bank of Kazakhstan",23.8998363,56.1912236,18.9640033,-0.7381962,-8.7568105,18.9246761,20.175834,21.4833255,36.5819634,35.4687014,-0.3396272,41.6140474,.,.,.,.,.,.,.,.,.,.
"FDI by activities","KZ","Kazakhstan","FDI inflow","NACE Rev. 1","NACE 2-letter - Manufacturing","DA  Food products, beverages and tobacco","in % of total manufacturing","-","National Bank of Kazakhstan, wiiw",-15.5540261,23.5485369,36.0160966,-0.4139727,-9.5639487,-31.7682277,5.6866025,-4.5217886,3.7764755,3.5138236,-0.0323974,3.005214,.,.,.,.,.,.,.,.,.,.
"FDI by activities","KZ","Kazakhstan","FDI inflow","NACE Rev. 1","NACE 2-letter - Manufacturing","DB  Textiles and textile products","EUR m","-","National Bank of Kazakhstan",0.8460119,0.4433233,0.5297208,0.2463608,0.3943422,-1.5704292,3.1365156,1.5224692,-1.4011444,-0.3621524,7.6299392,-0.3318722,.,.,.,.,.,.,.,.,.,.
"FDI by activities","KZ","Kazakhstan","FDI inflow","NACE Rev. 1","NACE 2-letter - Manufacturing","DB  Textiles and textile products","in % of total manufacturing","-","National Bank of Kazakhstan, wiiw",-0.550585,0.1857873,1.0060363,0.1381566,0.4306898,2.6362275,0.8840337,-0.3204478,-0.1446447,-0.0358778,0.727827,-0.0239666,.,.,.,.,.,.,.,.,.,.
"FDI by activities","KZ","Kazakhstan","FDI inflow","NACE Rev. 1","NACE 2-letter - Manufacturing","DC  Leather and leather products","EUR m","-","National Bank of Kazakhstan",.,.,.,.,.,.,1.8458996,0.2103988,1.7687579,-0.8627115,10.33792,-0.5057101,.,.,.,.,.,.,.,.,.,.
"FDI by activities","KZ","Kazakhstan","FDI inflow","NACE Rev. 1","NACE 2-letter - Manufacturing","DC  Leather and leather products","in % of total manufacturing","-","National Bank of Kazakhstan, wiiw",.,.,.,.,.,.,0.5202708,-0.0442845,0.1825947,-0.0854674,0.9861438,-0.0365205,.,.,.,.,.,.,.,.,.,.
"FDI by activities","KZ","Kazakhstan","FDI inflow","NACE Rev. 1","NACE 2-letter - Manufacturing","DD-DE  Wood, pulp, paper, publishing","EUR m","-","National Bank of Kazakhstan",0.211503,1.9949547,2.4367155,2.8969549,2.6428973,0.9310115,2.8600689,48.3464316,57.0201887,-6.8744409,0.5090642,2.3087388,.,.,.,.,.,.,.,.,.,.
"FDI by activities","KZ","Kazakhstan","FDI inflow","NACE Rev. 1","NACE 2-letter - Manufacturing","DD-DE  Wood, pulp, paper, publishing","in % of total manufacturing","-","National Bank of Kazakhstan, wiiw",-0.1376463,0.8360427,4.6277666,1.6245819,2.8865001,-1.5628582,0.8061166,-10.175908,5.8863803,-0.6810391,0.0485601,0.1667287,.,.,.,.,.,.,.,.,.,.
"FDI by activities","KZ","Kazakhstan","FDI inflow","NACE Rev. 1","NACE 2-letter - Manufacturing","DF  Coke, refined petroleum products and nuclear fuel","EUR m","-","National Bank of Kazakhstan",-47.7996726,151.5057251,69.7112524,174.4447173,13.5605419,38.0847158,-13.2805983,-141.2608829,29.2351288,19.0814858,-7.1607868,8.2479586,.,.,.,.,.,.,.,.,.,.
"FDI by activities","KZ","Kazakhstan","FDI inflow","NACE Rev. 1","NACE 2-letter - Manufacturing","DF  Coke, refined petroleum products and nuclear fuel","in % of total manufacturing","-","National Bank of Kazakhstan, wiiw",31.1080523,63.4928008,132.3943663,97.8267676,14.8104526,-63.9315525,-3.7431654,29.7324477,3.0180378,1.8903702,-0.6830741,0.5956373,.,.,.,.,.,.,.,.,.,.
"FDI by activities","KZ","Kazakhstan","FDI inflow","NACE Rev. 1","NACE 2-letter - Manufacturing","DG  Chemicals, chemical products and man-made fibres","EUR m","-","National Bank of Kazakhstan",3.8070536,1.8841239,7.9458114,-0.2871255,15.0220222,-7.3798124,8.2081587,2.7110763,12.7659066,3.7348308,2.2177429,1.1392843,.,.,.,.,.,.,.,.,.,.
"FDI by activities","KZ","Kazakhstan","FDI inflow","NACE Rev. 1","NACE 2-letter - Manufacturing","DG  Chemicals, chemical products and man-made fibres","in % of total manufacturing","-","National Bank of Kazakhstan, wiiw",-2.4776325,0.7895959,15.0905432,-0.161017,16.4066414,12.3882469,2.3134873,-0.5706246,1.3178662,0.3700033,0.2115526,0.0822749,.,.,.,.,.,.,.,.,.,.
"FDI by activities","KZ","Kazakhstan","FDI inflow","NACE Rev. 1","NACE 2-letter - Manufacturing","DH  Rubber and plastic products","EUR m","-","National Bank of Kazakhstan",0.7402604,1.7732931,0.4237766,3.9754481,0.3589319,5.2093266,3.0687981,14.3553353,0.6000051,-2.1922768,6.3482419,-2.3891927,.,.,.,.,.,.,.,.,.,.
"FDI by activities","KZ","Kazakhstan","FDI inflow","NACE Rev. 1","NACE 2-letter - Manufacturing","DH  Rubber and plastic products","in % of total manufacturing","-","National Bank of Kazakhstan, wiiw",-0.4817619,0.7431491,0.804829,2.2293896,0.3920156,-8.7447242,0.8649474,-3.0214964,0.0619405,-0.2171851,0.6055647,-0.1725387,.,.,.,.,.,.,.,.,.,.
"FDI by activities","KZ","Kazakhstan","FDI inflow","NACE Rev. 1","NACE 2-letter - Manufacturing","DI  Other non-metallic mineral products","EUR m","-","National Bank of Kazakhstan",2.8552902,10.4180967,6.6744816,14.9314143,-3.0501159,2.0106314,18.8047536,27.4994164,84.2976565,42.046249,-16.1228778,10.7750723,.,.,.,.,.,.,.,.,.,.
"FDI by activities","KZ","Kazakhstan","FDI inflow","NACE Rev. 1","NACE 2-letter - Manufacturing","DI  Other non-metallic mineral products","in % of total manufacturing","-","National Bank of Kazakhstan, wiiw",-1.8582244,4.3660009,12.6760563,8.3733805,-3.3312531,-3.3751804,5.3001605,-5.7880493,8.7023223,4.16545,-1.5379764,0.7781362,.,.,.,.,.,.,.,.,.,.
"FDI by activities","KZ","Kazakhstan","FDI inflow","NACE Rev. 1","NACE 2-letter - Manufacturing","DJ  Basic metals and fabricated metal products","EUR m","-","National Bank of Kazakhstan",-144.8795387,12.5238822,-55.8325684,-18.1872761,68.5704695,-108.728325,291.2235251,-463.5180706,719.7193482,911.7813472,1069.8655238,1279.7136693,.,.,.,.,.,.,.,.,.,.
"FDI by activities","KZ","Kazakhstan","FDI inflow","NACE Rev. 1","NACE 2-letter - Manufacturing","DJ  Basic metals and fabricated metal products","in % of total manufacturing","-","National Bank of Kazakhstan, wiiw",94.2876807,5.2484905,-106.0362174,-10.1992337,74.8907895,182.5186424,82.0819814,97.5608143,74.2989782,90.3286195,102.055472,92.4162323,.,.,.,.,.,.,.,.,.,.
"FDI by activities","KZ","Kazakhstan","FDI inflow","NACE Rev. 1","NACE 2-letter - Manufacturing","DK  Machinery and equipment n.e.c.","EUR m","-","National Bank of Kazakhstan",3.8070536,-1.3299698,-0.6356649,0.9872156,1.0341422,-2.6171143,-0.2397996,0.0007306,0.7080468,5.891251,1.3502251,6.5727941,.,.,.,.,.,.,.,.,.,.
"FDI by activities","KZ","Kazakhstan","FDI inflow","NACE Rev. 1","NACE 2-letter - Manufacturing","DK  Machinery and equipment n.e.c.","in % of total manufacturing","-","National Bank of Kazakhstan, wiiw",-2.4776325,-0.5573618,-1.2072434,0.5536202,1.1294618,4.3932632,-0.067588,-0.0001538,0.073094,0.5836362,0.1287992,0.4746631,.,.,.,.,.,.,.,.,.,.
"FDI by activities","KZ","Kazakhstan","FDI inflow","NACE Rev. 1","NACE 2-letter - Manufacturing","DL  Electrical and optical equipment","EUR m","-","National Bank of Kazakhstan",2.5380357,2.2166163,1.6951064,-0.5361449,1.806731,-2.7858049,7.5413404,3.985158,10.5629434,4.8585789,-6.854294,9.1315146,.,.,.,.,.,.,.,.,.,.
"FDI by activities","KZ","Kazakhstan","FDI inflow","NACE Rev. 1","NACE 2-letter - Manufacturing","DL  Electrical and optical equipment","in % of total manufacturing","-","National Bank of Kazakhstan, wiiw",-1.651755,0.9289364,3.2193158,-0.3006644,1.9732621,4.6764385,2.1255431,-0.838792,1.0904471,0.4813311,-0.6538375,0.6594445,.,.,.,.,.,.,.,.,.,.
"FDI by activities","KZ","Kazakhstan","FDI inflow","NACE Rev. 1","NACE 2-letter - Manufacturing","DM  Transport equipment","EUR m","-","National Bank of Kazakhstan",0.3172545,-0.6649849,1.0594415,0.2162303,0.2092428,0.4024476,12.6966344,7.9593577,14.7133749,-1.3482108,-18.9099292,20.8978935,.,.,.,.,.,.,.,.,.,.
"FDI by activities","KZ","Kazakhstan","FDI inflow","NACE Rev. 1","NACE 2-letter - Manufacturing","DM  Transport equipment","in % of total manufacturing","-","National Bank of Kazakhstan, wiiw",-0.2064694,-0.2786809,2.0120724,0.1212597,0.2285293,-0.6755755,3.5785739,-1.6752776,1.5189097,-0.1335649,-1.8038358,1.5091693,.,.,.,.,.,.,.,.,.,.
"FDI by activities","KZ","Kazakhstan","FDI inflow","NACE Rev. 1","NACE 2-letter - Manufacturing","DN  Manufacturing n.e.c.","EUR m","-","National Bank of Kazakhstan",.,1.6624622,-0.3178325,0.3704274,-0.2317766,-2.0524024,-1.2452055,1.5984465,2.1078321,-1.8179332,-0.5534944,7.554044,.,.,.,.,.,.,.,.,.,.
"FDI by activities","KZ","Kazakhstan","FDI inflow","NACE Rev. 1","NACE 2-letter - Manufacturing","DN  Manufacturing n.e.c.","in % of total manufacturing","-","National Bank of Kazakhstan, wiiw",.,0.6967023,-0.6036218,0.2077318,-0.2531401,3.4453,-0.3509639,-0.3364394,0.2175984,-0.1800995,-0.0527983,0.5455254,.,.,.,.,.,.,.,.,.,.
"FDI by activities","KZ","Kazakhstan","FDI inward stock","NACE Rev. 2","NACE 1-letter","Total by activities","EUR m","Equity + reinvestment of earnings + debt instruments - valid for all activities. From 2013 based on BPM6, directional principle. In 2011-2021 unrevised data.","National Bank of Kazakhstan",.,.,.,.,.,.,.,.,.,.,62399.6929683,73823.8702086,80550.7532784,90255.1987139,106175.0755356,109557.5141664,123948.8033702,123260.5261764,130512.381323,133387.7823903,123406.4406092,134471.0808849
"FDI by activities","KZ","Kazakhstan","FDI inward stock","NACE Rev. 2","NACE 1-letter","Total by activities","in % of total","Equity + reinvestment of earnings + debt instruments - valid for all activities. From 2013 based on BPM6, directional principle. In 2011-2021 unrevised data.","National Bank of Kazakhstan, wiiw",.,.,.,.,.,.,.,.,.,.,100,100,100,100,100,100,100,100,100,100,100,100
"FDI by activities","KZ","Kazakhstan","FDI inward stock","NACE Rev. 2","NACE 1-letter","A  Agriculture, forestry and fishing","EUR m","-","National Bank of Kazakhstan",.,.,.,.,.,.,.,.,.,.,9.7720545,14.9912161,28.316206,15.5460856,126.5593122,79.1368833,167.5367251,168.500382,184.194436,204.5520559,258.1279887,168.6316612
"FDI by activities","KZ","Kazakhstan","FDI inward stock","NACE Rev. 2","NACE 1-letter","A  Agriculture, forestry and fishing","in % of total","-","National Bank of Kazakhstan, wiiw",.,.,.,.,.,.,.,.,.,.,0.0156604,0.0203067,0.0351532,0.0172246,0.1191987,0.0722332,0.1351661,0.1367026,0.1411318,0.1533514,0.209169,0.1254037
"FDI by activities","KZ","Kazakhstan","FDI inward stock","NACE Rev. 2","NACE 1-letter","B  Mining and quarrying","EUR m","From 2016 reclassification of a FDI activity from NACE M (geological exploration) to NACE B (extraction of crude petroleum).","National Bank of Kazakhstan",.,.,.,.,.,.,.,.,.,.,12187.1064437,12975.4847446,13230.9209174,14781.8860754,19998.7998406,17468.3987956,93200.4879353,89028.2077673,98784.146695,101428.897614,94526.9596423,102395.0833718
"FDI by activities","KZ","Kazakhstan","FDI inward stock","NACE Rev. 2","NACE 1-letter","B  Mining and quarrying","in % of total","From 2016 reclassification of a FDI activity from NACE M (geological exploration) to NACE B (extraction of crude petroleum).","National Bank of Kazakhstan, wiiw",.,.,.,.,.,.,.,.,.,.,19.5307154,17.5762727,16.4255707,16.3778777,18.8356822,15.9445009,75.1927291,72.2276714,75.689483,76.0406207,76.5980764,76.1465459
"FDI by activities","KZ","Kazakhstan","FDI inward stock","NACE Rev. 2","NACE 1-letter","C  Manufacturing","EUR m","-","National Bank of Kazakhstan",.,.,.,.,.,.,.,.,.,.,6546.2376254,8440.0206459,9004.76446,12836.685949,10699.1171817,6728.0047875,6228.935033,5849.5341952,6472.8694857,7414.0095545,6454.7837478,8252.7449887
"FDI by activities","KZ","Kazakhstan","FDI inward stock","NACE Rev. 2","NACE 1-letter","C  Manufacturing","in % of total","-","National Bank of Kazakhstan, wiiw",.,.,.,.,.,.,.,.,.,.,10.490817,11.4326445,11.1789947,14.2226555,10.0768633,6.1410711,5.0254096,4.7456671,4.9595827,5.5582374,5.230508,6.1371894
"FDI by activities","KZ","Kazakhstan","FDI inward stock","NACE Rev. 2","NACE 1-letter","D  Electricity, gas, steam, air conditioning supply","EUR m","-","National Bank of Kazakhstan",.,.,.,.,.,.,.,.,.,.,322.7428059,428.413185,599.6622983,852.2915367,1319.110428,741.1696755,888.7293153,597.5477121,899.4964954,1089.7885834,865.9947036,512.030301
"FDI by activities","KZ","Kazakhstan","FDI inward stock","NACE Rev. 2","NACE 1-letter","D  Electricity, gas, steam, air conditioning supply","in % of total","-","National Bank of Kazakhstan, wiiw",.,.,.,.,.,.,.,.,.,.,0.5172186,0.580318,0.7444528,0.944313,1.2423918,0.676512,0.7170132,0.4847843,0.689204,0.8170078,0.7017419,0.3807735
"FDI by activities","KZ","Kazakhstan","FDI inward stock","NACE Rev. 2","NACE 1-letter","E  Water supply, sewerage, waste manag., remediation","EUR m","-","National Bank of Kazakhstan",.,.,.,.,.,.,.,.,.,.,5.462475,11.549379,9.9218973,3.7468561,31.9747361,72.2889164,188.0880016,27.6692504,33.7141468,20.905265,7.2403398,19.8614217
"FDI by activities","KZ","Kazakhstan","FDI inward stock","NACE Rev. 2","NACE 1-letter","E  Water supply, sewerage, waste manag., remediation","in % of total","-","National Bank of Kazakhstan, wiiw",.,.,.,.,.,.,.,.,.,.,0.008754,0.0156445,0.0123176,0.0041514,0.0301151,0.0659826,0.1517465,0.0224478,0.0258321,0.0156725,0.0058671,0.01477
"FDI by activities","KZ","Kazakhstan","FDI inward stock","NACE Rev. 2","NACE 1-letter","F  Construction","EUR m","-","National Bank of Kazakhstan",.,.,.,.,.,.,.,.,.,.,570.6402664,539.9011683,1161.9822514,1607.7112915,2680.8647718,2289.9753892,3031.9942458,3589.0785982,969.7124054,1063.3800866,864.3469955,1453.3047669
"FDI by activities","KZ","Kazakhstan","FDI inward stock","NACE Rev. 2","NACE 1-letter","F  Construction","in % of total","-","National Bank of Kazakhstan, wiiw",.,.,.,.,.,.,.,.,.,.,0.9144921,0.7313369,1.4425467,1.7812949,2.5249474,2.0902039,2.4461666,2.9117826,0.7430041,0.7972095,0.7004067,1.0807564
"FDI by activities","KZ","Kazakhstan","FDI inward stock","NACE Rev. 2","NACE 1-letter","G  Wholesale, retail trade, repair of motor vehicles etc.","EUR m","-","National Bank of Kazakhstan",.,.,.,.,.,.,.,.,.,.,2418.7620478,2532.0835558,2977.2366883,3165.9590995,4367.5949193,3231.9795157,3574.0467634,3212.9849807,3380.6275521,3852.1044203,3437.9715237,4380.8611672
"FDI by activities","KZ","Kazakhstan","FDI inward stock","NACE Rev. 2","NACE 1-letter","G  Wholesale, retail trade, repair of motor vehicles etc.","in % of total","-","National Bank of Kazakhstan, wiiw",.,.,.,.,.,.,.,.,.,.,3.8762403,3.4298981,3.6961004,3.5077859,4.1135783,2.95003,2.8834863,2.6066617,2.5902734,2.887899,2.7858931,3.2578463
"FDI by activities","KZ","Kazakhstan","FDI inward stock","NACE Rev. 2","NACE 1-letter","H  Transportation and storage","EUR m","-","National Bank of Kazakhstan",.,.,.,.,.,.,.,.,.,.,285.2914429,370.8055418,403.5341873,695.6137522,1159.9209729,1830.3613327,2210.4028942,8180.5237375,8348.5464212,6442.8395791,5263.4282098,4495.4053092
"FDI by activities","KZ","Kazakhstan","FDI inward stock","NACE Rev. 2","NACE 1-letter","H  Transportation and storage","in % of total","-","National Bank of Kazakhstan, wiiw",.,.,.,.,.,.,.,.,.,.,0.4572001,0.5022841,0.5009689,0.7707188,1.0924607,1.6706853,1.7833193,6.636775,6.3967467,4.8301572,4.2651163,3.3430276
"FDI by activities","KZ","Kazakhstan","FDI inward stock","NACE Rev. 2","NACE 1-letter","I  Accommodation and food service activities","EUR m","-","National Bank of Kazakhstan",.,.,.,.,.,.,.,.,.,.,122.8547252,130.5089881,121.0539279,128.1943384,277.5900816,299.633697,324.5693517,341.5725806,263.3167957,382.0942426,402.3769706,519.0361974
"FDI by activities","KZ","Kazakhstan","FDI inward stock","NACE Rev. 2","NACE 1-letter","I  Accommodation and food service activities","in % of total","-","National Bank of Kazakhstan, wiiw",.,.,.,.,.,.,.,.,.,.,0.1968835,0.1767843,0.1502828,0.1420354,0.2614456,0.2734944,0.2618576,0.2771143,0.2017562,0.2864537,0.3260583,0.3859835
"FDI by activities","KZ","Kazakhstan","FDI inward stock","NACE Rev. 2","NACE 1-letter","J  Information and communication","EUR m","-","National Bank of Kazakhstan",.,.,.,.,.,.,.,.,.,.,394.3657819,541.939658,774.2628302,1118.3272678,1753.2939356,1190.4692235,1521.1413246,1528.1643451,914.2355851,672.4004484,638.3015576,789.8799943
"FDI by activities","KZ","Kazakhstan","FDI inward stock","NACE Rev. 2","NACE 1-letter","J  Information and communication","in % of total","-","National Bank of Kazakhstan, wiiw",.,.,.,.,.,.,.,.,.,.,0.6319996,0.7340981,0.9612112,1.2390724,1.6513235,1.0866158,1.2272336,1.2397841,0.7004972,0.5040945,0.5172352,0.5873977
"FDI by activities","KZ","Kazakhstan","FDI inward stock","NACE Rev. 2","NACE 1-letter","K  Financial and insurance activities","EUR m","-","National Bank of Kazakhstan",.,.,.,.,.,.,.,.,.,.,3787.2256713,3535.1001994,4062.3012575,4544.0498897,4357.5229854,4211.221092,4896.7620296,3814.0624615,3452.6270592,3833.0389728,4085.1317017,5280.4608986
"FDI by activities","KZ","Kazakhstan","FDI inward stock","NACE Rev. 2","NACE 1-letter","K  Financial and insurance activities","in % of total","-","National Bank of Kazakhstan, wiiw",.,.,.,.,.,.,.,.,.,.,6.0693018,4.7885598,5.0431574,5.0346683,4.1040922,3.8438451,3.9506328,3.0943097,2.6454402,2.8736057,3.3103067,3.9268376
"FDI by activities","KZ","Kazakhstan","FDI inward stock","NACE Rev. 2","NACE 1-letter","L  Real estate activities","EUR m","-","National Bank of Kazakhstan",.,.,.,.,.,.,.,.,.,.,509.2755693,620.3716152,616.4097377,743.9831458,809.0934563,792.4232457,1140.5045996,1052.7613912,1139.6177179,1229.1756121,743.9443549,968.2019164
"FDI by activities","KZ","Kazakhstan","FDI inward stock","NACE Rev. 2","NACE 1-letter","L  Real estate activities","in % of total","-","National Bank of Kazakhstan, wiiw",.,.,.,.,.,.,.,.,.,.,0.8161508,0.8403401,0.7652439,0.8243106,0.7620371,0.7232943,0.9201417,0.8540945,0.8731874,0.9215054,0.6028408,0.7200075
"FDI by activities","KZ","Kazakhstan","FDI inward stock","NACE Rev. 2","NACE 1-letter","M  Professional, scientific and technical activities","EUR m","From 2016 reclassification of a FDI activity from NACE M (geological exploration) to NACE B (extraction of crude petroleum).","National Bank of Kazakhstan",.,.,.,.,.,.,.,.,.,.,33798.7331742,42150.454593,46112.490243,48456.7828593,58484.5684664,70458.4035736,6325.2935743,5252.8818222,4707.9546296,4799.8349556,4914.1483822,4563.9634946
"FDI by activities","KZ","Kazakhstan","FDI inward stock","NACE Rev. 2","NACE 1-letter","M  Professional, scientific and technical activities","in % of total","From 2016 reclassification of a FDI activity from NACE M (geological exploration) to NACE B (extraction of crude petroleum).","National Bank of Kazakhstan, wiiw",.,.,.,.,.,.,.,.,.,.,54.164903,57.0959697,57.2465041,53.6886335,55.0831428,64.3117947,5.1031502,4.2616091,3.6072858,3.5984067,3.9820842,3.3940112
"FDI by activities","KZ","Kazakhstan","FDI inward stock","NACE Rev. 2","NACE 1-letter","N  Administrative and support service activities","EUR m","-","National Bank of Kazakhstan",.,.,.,.,.,.,.,.,.,.,193.146624,254.8792983,190.7256869,107.8411119,40.6880052,21.0960249,43.1676971,171.7573683,197.8677482,173.190439,225.3589077,259.2616445
"FDI by activities","KZ","Kazakhstan","FDI inward stock","NACE Rev. 2","NACE 1-letter","N  Administrative and support service activities","in % of total","-","National Bank of Kazakhstan, wiiw",.,.,.,.,.,.,.,.,.,.,0.3095314,0.3452532,0.236777,0.1194847,0.0383216,0.0192557,0.034827,0.139345,0.1516084,0.1298398,0.1826152,0.192801
"FDI by activities","KZ","Kazakhstan","FDI inward stock","NACE Rev. 2","NACE 1-letter","P  Education","EUR m","-","National Bank of Kazakhstan",.,.,.,.,.,.,.,.,.,.,41.7564124,33.0436482,42.632517,39.5389027,39.810816,39.9626249,52.2098583,60.9381,64.9830355,52.6179675,69.238646,59.8147417
"FDI by activities","KZ","Kazakhstan","FDI inward stock","NACE Rev. 2","NACE 1-letter","P  Education","in % of total","-","National Bank of Kazakhstan, wiiw",.,.,.,.,.,.,.,.,.,.,0.0669177,0.0447601,0.0529263,0.0438079,0.0374954,0.0364764,0.0421221,0.0494385,0.0497907,0.0394474,0.0561062,0.0444815
"FDI by activities","KZ","Kazakhstan","FDI inward stock","NACE Rev. 2","NACE 1-letter","S  Other service activities","EUR m","-","National Bank of Kazakhstan",.,.,.,.,.,.,.,.,.,.,1206.3198484,1244.3227719,1214.5381724,1157.0405522,28.5657843,102.9893889,154.9340213,384.3414839,698.4711142,728.9525936,649.0869373,352.5390098
"FDI by activities","KZ","Kazakhstan","FDI inward stock","NACE Rev. 2","NACE 1-letter","S  Other service activities","in % of total","-","National Bank of Kazakhstan, wiiw",.,.,.,.,.,.,.,.,.,.,1.9332144,1.685529,1.5077924,1.2819655,0.0269044,0.0940049,0.1249984,0.3118123,0.5351761,0.5464913,0.5259749,0.2621672
"FDI by activities","KZ","Kazakhstan","FDI inward stock","NACE Rev. 2","NACE 2-letter - Manufacturing","C  Manufacturing","EUR m","Equity + reinvestment of earnings + debt instruments - valid for all industries. From 2013 based on BPM6, directional principle. In 2011-2021 unrevised data.","National Bank of Kazakhstan",.,.,.,.,.,.,.,.,.,.,6546.2376254,8440.0206459,9004.76446,12836.685949,10699.1171817,6728.0047875,6228.935033,5849.5341952,6472.8694857,7414.0095545,6454.7837478,8252.7449887
"FDI by activities","KZ","Kazakhstan","FDI inward stock","NACE Rev. 2","NACE 2-letter - Manufacturing","C  Manufacturing","in % of total manufacturing","Equity + reinvestment of earnings + debt instruments - valid for all industries. From 2013 based on BPM6, directional principle. In 2011-2021 unrevised data.","National Bank of Kazakhstan, wiiw",.,.,.,.,.,.,.,.,.,.,100,100,100,100,100,100,100,100,100,100,100,100
"FDI by activities","KZ","Kazakhstan","FDI inward stock","NACE Rev. 2","NACE 2-letter - Manufacturing","CA  Food products, beverages and tobacco products","EUR m","-","National Bank of Kazakhstan",.,.,.,.,.,.,.,.,.,.,398.5402151,475.8461727,586.934847,808.760258,928.261535,628.6170169,601.9502422,611.9117008,623.8190001,763.9665105,702.8455779,847.858092
"FDI by activities","KZ","Kazakhstan","FDI inward stock","NACE Rev. 2","NACE 2-letter - Manufacturing","CA  Food products, beverages and tobacco products","in % of total manufacturing","-","National Bank of Kazakhstan, wiiw",.,.,.,.,.,.,.,.,.,.,6.0880805,5.637974,6.5180477,6.3003821,8.6760573,9.3432903,9.6637746,10.460862,9.6374413,10.3043637,10.8887548,10.2736495
"FDI by activities","KZ","Kazakhstan","FDI inward stock","NACE Rev. 2","NACE 2-letter - Manufacturing","CB  Textiles, apparel, leather, related products","EUR m","-","National Bank of Kazakhstan",.,.,.,.,.,.,.,.,.,.,27.4331763,28.8877594,23.3771051,5.9207609,24.711329,4.2440927,25.6135623,20.4183984,2.3674422,1.88662,1.7696833,1.9865723
"FDI by activities","KZ","Kazakhstan","FDI inward stock","NACE Rev. 2","NACE 2-letter - Manufacturing","CB  Textiles, apparel, leather, related products","in % of total manufacturing","-","National Bank of Kazakhstan, wiiw",.,.,.,.,.,.,.,.,.,.,0.4190678,0.3422712,0.2596082,0.0461237,0.2309661,0.063081,0.4112029,0.3490602,0.0365748,0.0254467,0.0274166,0.0240717
"FDI by activities","KZ","Kazakhstan","FDI inward stock","NACE Rev. 2","NACE 2-letter - Manufacturing","CC  Wood and paper products and printing","EUR m","-","National Bank of Kazakhstan",.,.,.,.,.,.,.,.,.,.,17.6195964,19.4650629,14.0337968,15.552727,12.2984835,10.1223973,14.8934631,24.3963813,31.3613426,37.3470939,36.9137669,30.3460143
"FDI by activities","KZ","Kazakhstan","FDI inward stock","NACE Rev. 2","NACE 2-letter - Manufacturing","CC  Wood and paper products and printing","in % of total manufacturing","-","National Bank of Kazakhstan, wiiw",.,.,.,.,.,.,.,.,.,.,0.2691561,0.2306281,0.1558486,0.1211584,0.1149486,0.1504517,0.2391013,0.4170654,0.4845045,0.5037368,0.5718823,0.3677081
"FDI by activities","KZ","Kazakhstan","FDI inward stock","NACE Rev. 2","NACE 2-letter - Manufacturing","CD  Coke and refined petroleum products","EUR m","-","National Bank of Kazakhstan",.,.,.,.,.,.,.,.,.,.,58.6527122,72.4031334,94.5201979,113.1859322,162.7032724,90.6297223,419.9197817,465.1455783,570.4865627,583.7384001,464.6962319,492.9520781
"FDI by activities","KZ","Kazakhstan","FDI inward stock","NACE Rev. 2","NACE 2-letter - Manufacturing","CD  Coke and refined petroleum products","in % of total manufacturing","-","National Bank of Kazakhstan, wiiw",.,.,.,.,.,.,.,.,.,.,0.8959759,0.8578549,1.0496687,0.881738,1.5207168,1.347052,6.7414378,7.9518396,8.8135033,7.8734509,7.1992533,5.9731893
"FDI by activities","KZ","Kazakhstan","FDI inward stock","NACE Rev. 2","NACE 2-letter - Manufacturing","CE  Chemicals and chemical products","EUR m","-","National Bank of Kazakhstan",.,.,.,.,.,.,.,.,.,.,91.3558367,110.1542617,-12.1224943,-88.4830029,-118.5868457,132.5409696,269.218539,279.0745518,375.746131,427.7011057,434.9424743,490.1773247
"FDI by activities","KZ","Kazakhstan","FDI inward stock","NACE Rev. 2","NACE 2-letter - Manufacturing","CE  Chemicals and chemical products","in % of total manufacturing","-","National Bank of Kazakhstan, wiiw",.,.,.,.,.,.,.,.,.,.,1.3955472,1.3051421,-0.1346231,-0.6892979,-1.1083797,1.9699892,4.3220637,4.770885,5.8049391,5.7688232,6.7382966,5.9395671
"FDI by activities","KZ","Kazakhstan","FDI inward stock","NACE Rev. 2","NACE 2-letter - Manufacturing","CF  Pharmaceuticals, medicinal chem. & botan. products","EUR m","-","National Bank of Kazakhstan",.,.,.,.,.,.,.,.,.,.,17.3757291,21.2242757,46.0746695,59.0879556,82.2716588,62.2370078,89.0236115,63.6799126,91.4553835,99.4244515,96.7071787,109.1377494
"FDI by activities","KZ","Kazakhstan","FDI inward stock","NACE Rev. 2","NACE 2-letter - Manufacturing","CF  Pharmaceuticals, medicinal chem. & botan. products","in % of total manufacturing","-","National Bank of Kazakhstan, wiiw",.,.,.,.,.,.,.,.,.,.,0.2654308,0.2514718,0.5116699,0.4603054,0.7689575,0.925044,1.4291947,1.0886322,1.4129033,1.3410348,1.4982249,1.3224418
"FDI by activities","KZ","Kazakhstan","FDI inward stock","NACE Rev. 2","NACE 2-letter - Manufacturing","CG  Rubber, plastics, other non-metall. mineral products","EUR m","-","National Bank of Kazakhstan",.,.,.,.,.,.,.,.,.,.,238.1646663,267.982107,386.9909114,391.1094493,455.8128694,304.7842224,396.9035761,484.5462349,534.1644295,467.918949,520.353867,678.4101968
"FDI by activities","KZ","Kazakhstan","FDI inward stock","NACE Rev. 2","NACE 2-letter - Manufacturing","CG  Rubber, plastics, other non-metall. mineral products","in % of total manufacturing","-","National Bank of Kazakhstan, wiiw",.,.,.,.,.,.,.,.,.,.,3.6381916,3.1751357,4.2976239,3.0468101,4.2602849,4.5300833,6.3719331,8.2835012,8.252359,6.3112806,8.0615229,8.2204188
"FDI by activities","KZ","Kazakhstan","FDI inward stock","NACE Rev. 2","NACE 2-letter - Manufacturing","CH  Basic metals, fabricated met.prod., ex mach. & equip.","EUR m","-","National Bank of Kazakhstan",.,.,.,.,.,.,.,.,.,.,5600.5340839,7346.7619561,7767.7479541,11412.7278526,8919.308848,5241.7937177,4068.5823343,3555.071285,3927.5075982,4629.1826565,3777.2494266,4953.4251172
"FDI by activities","KZ","Kazakhstan","FDI inward stock","NACE Rev. 2","NACE 2-letter - Manufacturing","CH  Basic metals, fabricated met.prod., ex mach. & equip.","in % of total manufacturing","-","National Bank of Kazakhstan, wiiw",.,.,.,.,.,.,.,.,.,.,85.5534798,87.0467297,86.2626445,88.9071206,83.3649048,77.9100771,65.317463,60.7752885,60.6764528,62.4383152,58.5186053,60.0215458
"FDI by activities","KZ","Kazakhstan","FDI inward stock","NACE Rev. 2","NACE 2-letter - Manufacturing","CI  Computer, electronic, optical products","EUR m","-","National Bank of Kazakhstan",.,.,.,.,.,.,.,.,.,.,42.9417733,52.2062255,48.0432282,38.0042357,48.4764951,31.1158434,55.6887346,53.4571522,54.9862717,46.481224,30.3835306,23.9338312
"FDI by activities","KZ","Kazakhstan","FDI inward stock","NACE Rev. 2","NACE 2-letter - Manufacturing","CI  Computer, electronic, optical products","in % of total manufacturing","-","National Bank of Kazakhstan, wiiw",.,.,.,.,.,.,.,.,.,.,0.6559764,0.6185557,0.5335312,0.2960596,0.4530887,0.4624825,0.894033,0.9138702,0.8494883,0.6269377,0.4707134,0.2900106
"FDI by activities","KZ","Kazakhstan","FDI inward stock","NACE Rev. 2","NACE 2-letter - Manufacturing","CJ  Electrical equipment","EUR m","-","National Bank of Kazakhstan",.,.,.,.,.,.,.,.,.,.,7.4496532,6.5285826,11.3269344,12.1340916,24.5866571,16.1977044,15.7905798,10.6403154,21.626463,77.2663692,96.5640592,182.7641081
"FDI by activities","KZ","Kazakhstan","FDI inward stock","NACE Rev. 2","NACE 2-letter - Manufacturing","CJ  Electrical equipment","in % of total manufacturing","-","National Bank of Kazakhstan, wiiw",.,.,.,.,.,.,.,.,.,.,0.1138005,0.0773527,0.1257882,0.0945267,0.2298008,0.2407505,0.2535037,0.1819002,0.3341094,1.0421671,1.4960077,2.2145857
"FDI by activities","KZ","Kazakhstan","FDI inward stock","NACE Rev. 2","NACE 2-letter - Manufacturing","CK  Machinery and equipment n.e.c.","EUR m","-","National Bank of Kazakhstan",.,.,.,.,.,.,.,.,.,.,25.4701583,33.2339588,28.0186244,24.6920237,47.8584094,33.8751583,60.1424362,59.8282714,70.4253719,80.3148091,68.3535109,90.3375426
"FDI by activities","KZ","Kazakhstan","FDI inward stock","NACE Rev. 2","NACE 2-letter - Manufacturing","CK  Machinery and equipment n.e.c.","in % of total manufacturing","-","National Bank of Kazakhstan, wiiw",.,.,.,.,.,.,.,.,.,.,0.3890809,0.3937663,0.3111533,0.1923551,0.4473118,0.5034949,0.9655332,1.0227869,1.0880085,1.0832844,1.058959,1.0946363
"FDI by activities","KZ","Kazakhstan","FDI inward stock","NACE Rev. 2","NACE 2-letter - Manufacturing","CL  Transport equipment","EUR m","-","National Bank of Kazakhstan",.,.,.,.,.,.,.,.,.,.,6.4530441,-14.3777352,-11.0082585,-5.6204733,57.0159003,41.2875096,48.3386852,69.4785877,74.5374058,82.4431928,123.4071961,218.1828798
"FDI by activities","KZ","Kazakhstan","FDI inward stock","NACE Rev. 2","NACE 2-letter - Manufacturing","CL  Transport equipment","in % of total manufacturing","-","National Bank of Kazakhstan, wiiw",.,.,.,.,.,.,.,.,.,.,0.0985764,-0.1703519,-0.1222493,-0.0437845,0.5329028,0.6136665,0.7760345,1.1877627,1.1515357,1.111992,1.9118719,2.6437613
"FDI by activities","KZ","Kazakhstan","FDI inward stock","NACE Rev. 2","NACE 2-letter - Manufacturing","CM  Other manufacturing, repair, install.of mach. & equip.","EUR m","-","National Bank of Kazakhstan",.,.,.,.,.,.,.,.,.,.,14.2469805,19.7048852,20.826944,49.6141387,54.3985695,130.5594251,162.869487,151.8858255,94.3860836,116.3381721,100.5972443,133.2334822
"FDI by activities","KZ","Kazakhstan","FDI inward stock","NACE Rev. 2","NACE 2-letter - Manufacturing","CM  Other manufacturing, repair, install.of mach. & equip.","in % of total manufacturing","-","National Bank of Kazakhstan, wiiw",.,.,.,.,.,.,.,.,.,.,0.2176362,0.2334696,0.231288,0.3865027,0.5084398,1.940537,2.6147244,2.5965456,1.4581799,1.5691667,1.5584913,1.6144141
"FDI by activities","KZ","Kazakhstan","FDI inward stock","NACE Rev. 1","NACE 1-letter","Total by activities","EUR m","Equity + reinvestment of earnings + debt instruments - valid for all activities. Based on BPM5, directional principle.","National Bank of Kazakhstan",.,14395.4390443,14812.2196368,14073.2057345,16425.4376059,21579.234754,24986.1602561,30399.9924777,41720.4901383,50080.27167,61800.5270307,72429.2353135,.,.,.,.,.,.,.,.,.,.
"FDI by activities","KZ","Kazakhstan","FDI inward stock","NACE Rev. 1","NACE 1-letter","Total by activities","in % of total","Equity + reinvestment of earnings + debt instruments - valid for all activities. Based on BPM5, directional principle.","National Bank of Kazakhstan, wiiw",.,100,100,100,100,100,100,100,100,100,100,100,.,.,.,.,.,.,.,.,.,.
"FDI by activities","KZ","Kazakhstan","FDI inward stock","NACE Rev. 1","NACE 1-letter","A  Agriculture, hunting and forestry","EUR m","-","National Bank of Kazakhstan",.,14.3769385,14.2717144,10.5586356,7.2832298,8.4193608,34.335292,2.4332256,13.6649817,8.9180504,14.0469037,14.45355,.,.,.,.,.,.,.,.,.,.
"FDI by activities","KZ","Kazakhstan","FDI inward stock","NACE Rev. 1","NACE 1-letter","A  Agriculture, hunting and forestry","in % of total","-","National Bank of Kazakhstan, wiiw",.,0.0998715,0.096351,0.0750265,0.0443412,0.039016,0.1374172,0.008004,0.0327536,0.0178075,0.0227294,0.0199554,.,.,.,.,.,.,.,.,.,.
"FDI by activities","KZ","Kazakhstan","FDI inward stock","NACE Rev. 1","NACE 1-letter","B  Fishing","EUR m","-","National Bank of Kazakhstan",.,0.7801439,1.6283164,1.5179789,1.5070017,1.7300518,1.5601424,12.6508642,28.7737758,36.6055506,44.7832352,47.0492719,.,.,.,.,.,.,.,.,.,.
"FDI by activities","KZ","Kazakhstan","FDI inward stock","NACE Rev. 1","NACE 1-letter","B  Fishing","in % of total","-","National Bank of Kazakhstan, wiiw",.,0.0054194,0.0109931,0.0107863,0.0091748,0.0080172,0.006244,0.0416147,0.068968,0.0730938,0.0724642,0.064959,.,.,.,.,.,.,.,.,.,.
"FDI by activities","KZ","Kazakhstan","FDI inward stock","NACE Rev. 1","NACE 1-letter","C  Mining and quarrying","EUR m","-","National Bank of Kazakhstan",.,9984.1708095,10120.8485072,9172.3303846,9905.8803501,10762.0650587,9460.0363691,9397.5235873,9870.3987435,11112.5794415,11319.446457,11354.0050073,.,.,.,.,.,.,.,.,.,.
"FDI by activities","KZ","Kazakhstan","FDI inward stock","NACE Rev. 1","NACE 1-letter","C  Mining and quarrying","in % of total","-","National Bank of Kazakhstan, wiiw",.,69.356487,68.3276967,65.1758424,60.3081671,49.8723202,37.861105,30.9129142,23.6583959,22.1895351,18.3161002,15.6759973,.,.,.,.,.,.,.,.,.,.
"FDI by activities","KZ","Kazakhstan","FDI inward stock","NACE Rev. 1","NACE 1-letter","D  Manufacturing","EUR m","-","National Bank of Kazakhstan",.,1218.36195,1088.6731918,1039.1922017,1199.536646,1329.2637906,1630.2272319,1081.2602782,3142.0892525,4038.5294195,5438.7089218,7083.3140383,.,.,.,.,.,.,.,.,.,.
"FDI by activities","KZ","Kazakhstan","FDI inward stock","NACE Rev. 1","NACE 1-letter","D  Manufacturing","in % of total","-","National Bank of Kazakhstan, wiiw",.,8.4635276,7.3498315,7.3841897,7.3029205,6.1599209,6.5245208,3.5567781,7.5312856,8.0641124,8.8004248,9.7796339,.,.,.,.,.,.,.,.,.,.
"FDI by activities","KZ","Kazakhstan","FDI inward stock","NACE Rev. 1","NACE 1-letter","E  Electricity, gas and water supply","EUR m","-","National Bank of Kazakhstan",.,493.3853231,379.876639,276.449807,260.6099944,445.5764071,421.4907492,363.2691961,400.1190877,438.6469308,307.7483686,442.3723915,.,.,.,.,.,.,.,.,.,.
"FDI by activities","KZ","Kazakhstan","FDI inward stock","NACE Rev. 1","NACE 1-letter","E  Electricity, gas and water supply","in % of total","-","National Bank of Kazakhstan, wiiw",.,3.4273725,2.5646166,1.9643698,1.5866244,2.0648388,1.6868968,1.1949648,0.9590469,0.8758877,0.4979705,0.610765,.,.,.,.,.,.,.,.,.,.
"FDI by activities","KZ","Kazakhstan","FDI inward stock","NACE Rev. 1","NACE 1-letter","F  Construction","EUR m","-","National Bank of Kazakhstan",.,53.4955851,82.2778701,99.8393218,194.8436477,191.0717103,222.3997068,238.4042942,373.9467185,688.7531445,1011.0871403,1121.7116745,.,.,.,.,.,.,.,.,.,.
"FDI by activities","KZ","Kazakhstan","FDI inward stock","NACE Rev. 1","NACE 1-letter","F  Construction","in % of total","-","National Bank of Kazakhstan, wiiw",.,0.3716148,0.5554729,0.7094284,1.1862311,0.8854425,0.8900916,0.7842248,0.8963143,1.3752983,1.6360494,1.5487001,.,.,.,.,.,.,.,.,.,.
"FDI by activities","KZ","Kazakhstan","FDI inward stock","NACE Rev. 1","NACE 1-letter","G  Wholesale, retail trade, repair of motor vehicles etc.","EUR m","-","National Bank of Kazakhstan",.,181.3277436,204.5931671,220.3117939,260.1695652,416.0087848,895.6311752,1313.8354666,2260.2307973,1940.3074815,2611.7561604,2745.0318547,.,.,.,.,.,.,.,.,.,.
"FDI by activities","KZ","Kazakhstan","FDI inward stock","NACE Rev. 1","NACE 1-letter","G  Wholesale, retail trade, repair of motor vehicles etc.","in % of total","-","National Bank of Kazakhstan, wiiw",.,1.2596194,1.3812458,1.5654699,1.583943,1.9278199,3.584509,4.3218283,5.4175557,3.8743949,4.2261066,3.7899501,.,.,.,.,.,.,.,.,.,.
"FDI by activities","KZ","Kazakhstan","FDI inward stock","NACE Rev. 1","NACE 1-letter","H  Hotels and restaurants","EUR m","-","National Bank of Kazakhstan",.,93.0600282,55.9374577,46.4708,58.2599661,60.3049045,39.6791407,67.1519814,86.9495944,100.0175311,117.7153931,125.6274434,.,.,.,.,.,.,.,.,.,.
"FDI by activities","KZ","Kazakhstan","FDI inward stock","NACE Rev. 1","NACE 1-letter","H  Hotels and restaurants","in % of total","-","National Bank of Kazakhstan, wiiw",.,0.6464549,0.377644,0.3302076,0.3546935,0.279458,0.1588045,0.2208947,0.2084098,0.1997144,0.1904764,0.1734485,.,.,.,.,.,.,.,.,.,.
"FDI by activities","KZ","Kazakhstan","FDI inward stock","NACE Rev. 1","NACE 1-letter","I  Transport, storage and communication","EUR m","-","National Bank of Kazakhstan",.,486.0296802,488.6864882,410.6096958,473.1515528,799.1061356,395.2935795,406.0609691,417.5324694,512.7844108,846.3816268,1019.8305094,.,.,.,.,.,.,.,.,.,.
"FDI by activities","KZ","Kazakhstan","FDI inward stock","NACE Rev. 1","NACE 1-letter","I  Transport, storage and communication","in % of total","-","National Bank of Kazakhstan, wiiw",.,3.3762755,3.2992117,2.91767,2.8806024,3.7031255,1.5820501,1.3357272,1.0007851,1.023925,1.3695379,1.4080371,.,.,.,.,.,.,.,.,.,.
"FDI by activities","KZ","Kazakhstan","FDI inward stock","NACE Rev. 1","NACE 1-letter","J  Financial intermediation","EUR m","-","National Bank of Kazakhstan",.,181.2162944,152.5828255,157.0944137,161.7953134,289.1268007,1085.4031594,3242.5884247,3547.088186,3429.2433949,3692.0479896,3421.1381781,.,.,.,.,.,.,.,.,.,.
"FDI by activities","KZ","Kazakhstan","FDI inward stock","NACE Rev. 1","NACE 1-letter","J  Financial intermediation","in % of total","-","National Bank of Kazakhstan, wiiw",.,1.2588452,1.0301145,1.116266,0.9850289,1.3398381,4.3440174,10.6664119,8.502029,6.8474936,5.9741367,4.7234216,.,.,.,.,.,.,.,.,.,.
"FDI by activities","KZ","Kazakhstan","FDI inward stock","NACE Rev. 1","NACE 1-letter","K  Real estate, renting and business activities","EUR m","-","National Bank of Kazakhstan",.,1651.2303925,2181.4650662,2575.2940414,3812.2900056,7213.0251113,10703.3710807,14164.2793442,20176.3942197,26593.3410996,35046.3639809,43663.1424141,.,.,.,.,.,.,.,.,.,.
"FDI by activities","KZ","Kazakhstan","FDI inward stock","NACE Rev. 1","NACE 1-letter","K  Real estate, renting and business activities","in % of total","-","National Bank of Kazakhstan, wiiw",.,11.4705108,14.7274691,18.2992709,23.2096709,33.4257688,42.8371986,46.5930357,48.3608753,53.1014314,56.7088432,60.283865,.,.,.,.,.,.,.,.,.,.
"FDI by activities","KZ","Kazakhstan","FDI inward stock","NACE Rev. 1","NACE 1-letter","M-N  Education, health and social work","EUR m","-","National Bank of Kazakhstan",.,38.0041552,41.3783934,25.0254468,41.8099379,49.8892003,96.734909,31.7635137,77.9623389,35.1556878,85.7635005,78.5580573,.,.,.,.,.,.,.,.,.,.
"FDI by activities","KZ","Kazakhstan","FDI inward stock","NACE Rev. 1","NACE 1-letter","M-N  Education, health and social work","in % of total","-","National Bank of Kazakhstan, wiiw",.,0.2640014,0.2793531,0.1778234,0.2545438,0.2311908,0.387154,0.1044853,0.1868682,0.0701987,0.1387747,0.1084618,.,.,.,.,.,.,.,.,.,.
"FDI by activities","KZ","Kazakhstan","FDI inward stock","NACE Rev. 1","NACE 1-letter","O  Other community, social and personal services","EUR m","-","National Bank of Kazakhstan",.,.,.,38.4872071,48.2776398,13.6457522,.,78.7713324,1325.3399729,1145.390224,1264.6788629,1313.0009231,.,.,.,.,.,.,.,.,.,.
"FDI by activities","KZ","Kazakhstan","FDI inward stock","NACE Rev. 1","NACE 1-letter","O  Other community, social and personal services","in % of total","-","National Bank of Kazakhstan, wiiw",.,.,.,0.2734786,0.29392,0.0632356,.,0.2591163,3.1767124,2.2871086,2.0463885,1.8128052,.,.,.,.,.,.,.,.,.,.
"FDI by activities","KZ","Kazakhstan","FDI inward stock","NACE Rev. 1","NACE 2-letter - Manufacturing","D  Manufacturing","EUR m","Equity + reinvestment of earnings + debt instruments - valid for all industries. Based on BPM5, directional principle.","National Bank of Kazakhstan",.,1218.36195,1088.6731918,1039.1922017,1199.536646,1329.2637906,1630.2272319,1081.2602782,3142.0892525,4038.5294195,5438.7089218,7083.3140383,.,.,.,.,.,.,.,.,.,.
"FDI by activities","KZ","Kazakhstan","FDI inward stock","NACE Rev. 1","NACE 2-letter - Manufacturing","D  Manufacturing","in % of total manufacturing","Equity + reinvestment of earnings + debt instruments - valid for all industries. Based on BPM5, directional principle.","National Bank of Kazakhstan, wiiw",.,100,100,100,100,100,100,100,100,100,100,100,.,.,.,.,.,.,.,.,.,.
"FDI by activities","KZ","Kazakhstan","FDI inward stock","NACE Rev. 1","NACE 2-letter - Manufacturing","DA  Food products, beverages and tobacco","EUR m","-","National Bank of Kazakhstan",.,450.1430585,403.3435519,336.5512095,304.6954828,370.6499102,365.227591,377.2290524,389.8265353,412.3814114,442.2928659,506.5302786,.,.,.,.,.,.,.,.,.,.
"FDI by activities","KZ","Kazakhstan","FDI inward stock","NACE Rev. 1","NACE 2-letter - Manufacturing","DA  Food products, beverages and tobacco","in % of total manufacturing","-","National Bank of Kazakhstan, wiiw",.,36.9465788,37.0490938,32.3858483,25.4010983,27.8838492,22.4034775,34.8879044,12.4066029,10.2111776,8.1323136,7.1510352,.,.,.,.,.,.,.,.,.,.
"FDI by activities","KZ","Kazakhstan","FDI inward stock","NACE Rev. 1","NACE 2-letter - Manufacturing","DB  Textiles and textile products","EUR m","-","National Bank of Kazakhstan",.,4.123618,4.1186827,2.6006492,2.7424054,1.7881977,4.6424306,5.7288862,4.472073,3.4057835,8.4485274,8.2189431,.,.,.,.,.,.,.,.,.,.
"FDI by activities","KZ","Kazakhstan","FDI inward stock","NACE Rev. 1","NACE 2-letter - Manufacturing","DB  Textiles and textile products","in % of total manufacturing","-","National Bank of Kazakhstan, wiiw",.,0.3384559,0.3783213,0.2502568,0.2286221,0.1345254,0.284772,0.5298341,0.142328,0.0843323,0.1553407,0.1160325,.,.,.,.,.,.,.,.,.,.
"FDI by activities","KZ","Kazakhstan","FDI inward stock","NACE Rev. 1","NACE 2-letter - Manufacturing","DC  Leather and leather products","EUR m","-","National Bank of Kazakhstan",.,.,.,.,.,0.1676962,1.9264301,1.9778054,3.6614745,17.5259137,29.3524038,29.5283171,.,.,.,.,.,.,.,.,.,.
"FDI by activities","KZ","Kazakhstan","FDI inward stock","NACE Rev. 1","NACE 2-letter - Manufacturing","DC  Leather and leather products","in % of total manufacturing","-","National Bank of Kazakhstan, wiiw",.,.,.,.,.,0.0126157,0.1181694,0.1829167,0.1165299,0.4339677,0.5396943,0.4168715,.,.,.,.,.,.,.,.,.,.
"FDI by activities","KZ","Kazakhstan","FDI inward stock","NACE Rev. 1","NACE 2-letter - Manufacturing","DD-DE  Wood, pulp, paper, publishing","EUR m","-","National Bank of Kazakhstan",.,4.3465163,6.321699,7.8763661,9.7474308,10.8083998,11.5129847,55.4889973,106.8845242,98.6506172,107.2706275,112.8456871,.,.,.,.,.,.,.,.,.,.
"FDI by activities","KZ","Kazakhstan","FDI inward stock","NACE Rev. 1","NACE 2-letter - Manufacturing","DD-DE  Wood, pulp, paper, publishing","in % of total manufacturing","-","National Bank of Kazakhstan, wiiw",.,0.3567508,0.5806792,0.7579316,0.8125997,0.8131117,0.7062196,5.1318816,3.4017024,2.4427361,1.9723546,1.5931199,.,.,.,.,.,.,.,.,.,.
"FDI by activities","KZ","Kazakhstan","FDI inward stock","NACE Rev. 1","NACE 2-letter - Manufacturing","DF  Coke, refined petroleum products and nuclear fuel","EUR m","-","National Bank of Kazakhstan",.,90.6081472,140.8972607,275.263911,265.291022,344.5002569,298.0259574,95.6471052,129.5897648,146.3085835,150.999118,163.5998271,.,.,.,.,.,.,.,.,.,.
"FDI by activities","KZ","Kazakhstan","FDI inward stock","NACE Rev. 1","NACE 2-letter - Manufacturing","DF  Coke, refined petroleum products and nuclear fuel","in % of total manufacturing","-","National Bank of Kazakhstan, wiiw",.,7.4368825,12.942108,26.488258,22.1161248,25.9166209,18.2812525,8.845891,4.1243184,3.6228183,2.776378,2.3096509,.,.,.,.,.,.,.,.,.,.
"FDI by activities","KZ","Kazakhstan","FDI inward stock","NACE Rev. 1","NACE 2-letter - Manufacturing","DG  Chemicals, chemical products and man-made fibres","EUR m","-","National Bank of Kazakhstan",.,63.4145581,55.8416744,40.157224,51.0200452,53.0703721,51.0089816,48.3447633,83.6478363,85.4708066,94.768468,111.0122067,.,.,.,.,.,.,.,.,.,.
"FDI by activities","KZ","Kazakhstan","FDI inward stock","NACE Rev. 1","NACE 2-letter - Manufacturing","DG  Chemicals, chemical products and man-made fibres","in % of total manufacturing","-","National Bank of Kazakhstan, wiiw",.,5.204903,5.1293331,3.864273,4.2533128,3.9924635,3.1289492,4.4711495,2.6621725,2.1163844,1.742481,1.5672354,.,.,.,.,.,.,.,.,.,.
"FDI by activities","KZ","Kazakhstan","FDI inward stock","NACE Rev. 1","NACE 2-letter - Manufacturing","DH  Rubber and plastic products","EUR m","-","National Bank of Kazakhstan",.,10.9220153,9.6741151,12.5839412,12.1176736,23.6763449,23.1505984,33.999027,36.4281726,31.5400925,42.3438078,39.6766695,.,.,.,.,.,.,.,.,.,.
"FDI by activities","KZ","Kazakhstan","FDI inward stock","NACE Rev. 1","NACE 2-letter - Manufacturing","DH  Rubber and plastic products","in % of total manufacturing","-","National Bank of Kazakhstan, wiiw",.,0.8964508,0.8886152,1.2109349,1.0101962,1.7811623,1.4200841,3.1443888,1.1593615,0.7809796,0.7785636,0.5601427,.,.,.,.,.,.,.,.,.,.
"FDI by activities","KZ","Kazakhstan","FDI inward stock","NACE Rev. 1","NACE 2-letter - Manufacturing","DI  Other non-metallic mineral products","EUR m","-","National Bank of Kazakhstan",.,35.6637234,33.0452447,41.2542978,33.8411067,43.7189911,72.8714935,100.3158441,192.6857117,222.7581765,224.5435865,240.1944358,.,.,.,.,.,.,.,.,.,.
"FDI by activities","KZ","Kazakhstan","FDI inward stock","NACE Rev. 1","NACE 2-letter - Manufacturing","DI  Other non-metallic mineral products","in % of total manufacturing","-","National Bank of Kazakhstan, wiiw",.,2.9271862,3.0353686,3.9698429,2.8211816,3.2889628,4.4700206,9.2776777,6.1324073,5.515824,4.1286193,3.3909895,.,.,.,.,.,.,.,.,.,.
"FDI by activities","KZ","Kazakhstan","FDI inward stock","NACE Rev. 1","NACE 2-letter - Manufacturing","DJ  Basic metals and fabricated metal products","EUR m","-","National Bank of Kazakhstan",.,508.876753,386.2941213,280.8116958,478.9424619,435.6427242,743.51691,294.6432349,2099.857368,2924.0331231,4261.8637884,5747.5764116,.,.,.,.,.,.,.,.,.,.
"FDI by activities","KZ","Kazakhstan","FDI inward stock","NACE Rev. 1","NACE 2-letter - Manufacturing","DJ  Basic metals and fabricated metal products","in % of total manufacturing","-","National Bank of Kazakhstan, wiiw",.,41.7672887,35.4830195,27.0221135,39.9272889,32.7732334,45.6081763,27.2499823,66.829972,72.4034127,78.361682,81.1424763,.,.,.,.,.,.,.,.,.,.
"FDI by activities","KZ","Kazakhstan","FDI inward stock","NACE Rev. 1","NACE 2-letter - Manufacturing","DK  Machinery and equipment n.e.c.","EUR m","-","National Bank of Kazakhstan",.,13.0395489,10.6319483,8.7429824,8.9568605,7.8522274,6.5301041,8.2077901,9.2522725,14.2407198,12.8283225,19.6368066,.,.,.,.,.,.,.,.,.,.
"FDI by activities","KZ","Kazakhstan","FDI inward stock","NACE Rev. 1","NACE 2-letter - Manufacturing","DK  Machinery and equipment n.e.c.","in % of total manufacturing","-","National Bank of Kazakhstan, wiiw",.,1.0702525,0.9765969,0.8413249,0.7466934,0.59072,0.400564,0.7590948,0.2944624,0.3526214,0.2358707,0.2772263,.,.,.,.,.,.,.,.,.,.
"FDI by activities","KZ","Kazakhstan","FDI inward stock","NACE Rev. 1","NACE 2-letter - Manufacturing","DL  Electrical and optical equipment","EUR m","-","National Bank of Kazakhstan",.,30.0912666,31.4169283,25.7184198,25.3114625,30.7499226,35.2776089,35.3782411,48.0705448,51.2233742,49.9293623,60.8955299,.,.,.,.,.,.,.,.,.,.
"FDI by activities","KZ","Kazakhstan","FDI inward stock","NACE Rev. 1","NACE 2-letter - Manufacturing","DL  Electrical and optical equipment","in % of total manufacturing","-","National Bank of Kazakhstan, wiiw",.,2.4698134,2.8857998,2.4748473,2.1101033,2.3133048,2.1639688,3.271945,1.5298911,1.268367,0.918037,0.8597039,.,.,.,.,.,.,.,.,.,.
"FDI by activities","KZ","Kazakhstan","FDI inward stock","NACE Rev. 1","NACE 2-letter - Manufacturing","DM  Transport equipment","EUR m","-","National Bank of Kazakhstan",.,0.8915931,2.2987996,2.4574134,2.4451158,3.7112266,15.591545,21.9651617,33.1073333,28.4159169,12.0853957,34.9366973,.,.,.,.,.,.,.,.,.,.
"FDI by activities","KZ","Kazakhstan","FDI inward stock","NACE Rev. 1","NACE 2-letter - Manufacturing","DM  Transport equipment","in % of total manufacturing","-","National Bank of Kazakhstan, wiiw",.,0.0731797,0.2111561,0.2364734,0.2038384,0.2791941,0.9564032,2.0314407,1.0536726,0.7036204,0.2222107,0.4932253,.,.,.,.,.,.,.,.,.,.
"FDI by activities","KZ","Kazakhstan","FDI inward stock","NACE Rev. 1","NACE 2-letter - Manufacturing","DN  Manufacturing n.e.c.","EUR m","-","National Bank of Kazakhstan",.,6.2411516,4.7891659,5.1740915,4.4255788,2.9275207,0.9445967,2.3343694,4.6056416,2.5749006,1.9826482,8.6622276,.,.,.,.,.,.,.,.,.,.
"FDI by activities","KZ","Kazakhstan","FDI inward stock","NACE Rev. 1","NACE 2-letter - Manufacturing","DN  Manufacturing n.e.c.","in % of total manufacturing","-","National Bank of Kazakhstan, wiiw",.,0.5122576,0.4399085,0.4978955,0.3689407,0.2202362,0.0579426,0.2158934,0.146579,0.0637584,0.0364544,0.1222906,.,.,.,.,.,.,.,.,.,.
